product_category_name,agro_industria_e_comercio,alimentos,alimentos_bebidas,artes,artes_e_artesanato,artigos_de_festas,artigos_de_natal,audio,automotivo,bebes,bebidas,beleza_saude,brinquedos,cama_mesa_banho,casa_conforto,casa_conforto_2,casa_construcao,cds_dvds_musicais,cine_foto,climatizacao,consoles_games,construcao_ferramentas_construcao,construcao_ferramentas_ferramentas,construcao_ferramentas_iluminacao,construcao_ferramentas_jardim,construcao_ferramentas_seguranca,cool_stuff,dvds_blu_ray,eletrodomesticos,eletrodomesticos_2,eletronicos,eletroportateis,esporte_lazer,fashion_bolsas_e_acessorios,fashion_calcados,fashion_esporte,fashion_roupa_feminina,fashion_roupa_infanto_juvenil,fashion_roupa_masculina,fashion_underwear_e_moda_praia,ferramentas_jardim,flores,fraldas_higiene,industria_comercio_e_negocios,informatica_acessorios,instrumentos_musicais,la_cuisine,livros_importados,livros_interesse_geral,livros_tecnicos,malas_acessorios,market_place,moveis_colchao_e_estofado,moveis_cozinha_area_de_servico_jantar_e_jardim,moveis_decoracao,moveis_escritorio,moveis_quarto,moveis_sala,musica,papelaria,pc_gamer,pcs,perfumaria,pet_shop,portateis_casa_forno_e_cafe,portateis_cozinha_e_preparadores_de_alimentos,relogios_presentes,seguros_e_servicos,sinalizacao_e_seguranca,tablets_impressao_imagem,telefonia,telefonia_fixa,utilidades_domesticas
agro_industria_e_comercio,1.0,-0.0014461194569769715,-0.0010383569591933543,-0.0010476129063197157,-0.00034857131550759807,-0.0004504603583600753,-0.0007724597097202336,-0.0014241295842669461,-0.004486549888479433,-0.003908957939822882,-0.0010811955693597877,-0.006860944097905733,-0.0046368374749843075,-0.0062703884780383225,-0.001234561359655658,-0.0003522943160945429,-0.0014535221685076482,-0.0002624905264469519,-0.0005959190302395986,-0.001133614972217877,-0.0024109882349583394,-0.001815844798859465,-0.000759632754054086,-0.0010502404874538037,-0.000991437885919299,-0.000892451864455837,-0.004386869225915241,-0.000517820643046491,-0.00010438365867793554,-0.0008708277961495406,-0.0035785222176175843,-0.0018486170237278848,-0.006300001852394354,-0.0030427587456493795,-0.001110459917837922,-0.0003682500241517195,-0.0004166406278178343,-0.00022498842613722872,-0.0007312400572962804,-0.0007491277020273354,-0.0036209702413045335,-0.00040999638892865635,-0.00025942860257290414,-0.0011357489380328153,-0.0055332741325176535,-0.0016764649580138192,-0.0002713514945675023,-0.0005258330671953388,-0.001689463601006892,-0.001254179579974269,-0.0023036124154005044,-0.0011730166768215758,-0.00046597403110276465,-0.001026659483241808,-0.0034772191502545234,-0.001969494840785166,-0.0005248799261154099,-0.0013676221887579114,-0.0004797492447362977,-0.003490646082908033,-0.00021259311155807388,-0.0009414654100607352,-0.004092607311565688,-0.002954846249215069,-0.0006692762277601393,-0.00028939702614601926,-0.0055443344472843135,-0.00011249062681461779,-0.0007741003663242822,-0.0006755970168975108,-0.004534471568939575,-0.0009696299651224977,-0.0032770035220478604
alimentos,-0.0014461194569769715,1.0,-0.002521917385220207,-0.0025443978374076978,-0.0008465952414385565,-0.0010940590314754103,-0.0018761174123001385,-0.0018303538687978564,-0.010896742265014437,-0.00949391141384763,-0.0014088180778696726,-0.014571414652934253,-0.011261754387131053,-0.014768337902567517,-0.0029984503194888244,-0.0008556375075131176,-0.003530253054219522,-0.0006375258683838738,-0.0014473428903604556,-0.002753276010980941,-0.005855706066655858,-0.004410246906480909,-0.0018449638458820205,-0.0025507795951302784,-0.002407962328107551,-0.0021675492734135066,-0.01065464209544834,-0.001257660836731275,-0.004859411704405156,-0.002115029652566353,-0.007051650739711172,-0.0044898426976164125,-0.012852817437658476,-0.007390123513637654,-0.0026970379960290984,-0.0008943900551670031,-0.0010119191029442892,-0.000546442356190895,-0.0017760048670521836,-0.001819449620639579,-0.008794459094303316,-0.000995781857059957,-0.0006300891974184591,-0.0027584588967318434,-0.01314148083379698,-0.0040717270548386595,-0.0006590470122980795,-0.0012771210730015002,-0.004103297608161605,-0.0030460982217353095,-0.0047342105378168015,-0.0028489732015930945,-0.0011317379824873953,-0.002493507051274637,-0.012303419687952179,-0.004783425617849227,-0.001274806124333072,-0.0033216228231579396,-0.0011651946376770674,-0.008477933300486065,-0.0005163371413553926,-0.0022865912961763167,-0.007442223703571142,-0.005910348218534781,-0.001625509743406672,-0.0007028752347705645,-0.012300286497478805,-0.00027321246795369353,-0.001880102169542108,-0.001640861408239013,-0.01101313241197845,-0.0008002420599813881,-0.012347640763534543
alimentos_bebidas,-0.0010383569591933543,-0.002521917385220207,1.0,-0.0018269536369780405,-0.0006078806673449754,-0.0007855670592218063,-0.0013471083332202757,-0.0024835687951236494,-0.006078709111852617,-0.006816911935575243,-0.0018855191319336543,-0.010793157003282278,-0.008086275987911057,-0.010633881853457906,0.0037508613483791236,-0.0006143732844383333,-0.0025348271257101596,-0.00045776261352987985,0.045318240518884556,-0.001976934403855253,-0.0030549931170712687,-0.003166688993092167,-0.0013247391421151754,-0.001831535929617266,-0.0017289888665855376,-0.0015563651132586087,-0.0076503512307692645,-0.0009030380414456211,-0.003489202732534096,-0.001518654456965474,-0.00624065830140501,-0.0032238411482958013,-0.008186987879092618,-0.004503020645064345,-0.001936553829543227,-0.0006421987710181238,-0.0007265881373862406,-0.00039236193152047586,-0.0012752245358208293,-0.0013064191663959754,-0.00586512788298301,-0.0007150011128943314,-0.00045242286167679135,-0.0019806558706138774,-0.00926079700324607,-0.0029236216295476947,-0.00047321543760005014,-0.0009170110722773566,-0.0029462902297039445,-0.0021871894964592426,-0.0017676663096378373,-0.002045647844759431,-0.0008126216713492022,-0.001790412532655669,-0.009211165387887474,-0.003434642453024332,-0.0009153488699963243,-0.002385024388961289,-0.0008366445489752044,-0.005329953181372156,-0.0003707454881612315,-0.0016418408408520988,-0.007137181842150822,-0.005153016986664584,-0.0011671645424308884,-0.0005046854102871701,-0.009161136589125932,-0.00019617471161832893,-0.0013499695079268105,-0.0011781874962656902,-0.00790775798453122,-0.0016909575861628744,-0.006903326354913504
artes,-0.0010476129063197157,-0.0025443978374076978,-0.0018269536369780405,1.0,-0.0006132993350452039,-0.0007925696290991554,0.002408853321176931,-0.002505707406753228,-0.007893931430486698,-0.00687767810647853,-0.0019023267097482025,-0.01207159701853373,-0.008158357310553057,-0.011032534557400305,-0.002172168584344717,-0.0006198498275348623,-0.002557422655737025,-0.00046184312409972207,-0.0010484991986632948,-0.001994556860325897,-0.004242051527241865,-0.003194916960002962,-0.001336547909174613,-0.0018478622994407838,-0.0017444011286111452,-0.0015702386016289587,-0.006886645546341782,-0.0009110877514135782,-0.003520305597227711,-0.0015321917913402134,-0.00629628772899262,-0.003252578571345037,-0.011084638279057594,-0.004284106547397903,-0.001953816332283679,-0.0006479233513915121,-0.0007330649672690254,-0.00039585945832029006,-0.0012865919280969612,-0.0013180646286062169,-0.0003855888296074728,-0.0007213746556704052,-0.0004564557735279394,-0.001998311500358172,-0.009735607019625638,-0.002949682886209943,-0.0004774336951376232,-0.0009251853382888117,-0.0029725535549926466,-0.0022066861735464023,-0.0040531274368048225,-0.0020638828150388246,-0.0008198654069038739,-0.0018063723272041111,-0.0038127476812212587,-0.003465258965642412,-0.0009235083190835251,-0.002406284572604209,-0.0008441024252289642,-0.005133197120634794,-0.0003740503252939554,-0.0016564762625905537,-0.006331615643087086,-0.005198951144805069,-0.0011775686844717119,-0.0005091841921672501,-0.00975506726603709,-0.00019792341926861732,-0.0013620031792735937,-0.0011886898972693378,-0.007978247991984743,-0.0017060308361390877,-0.008422393179261117
artes_e_artesanato,-0.00034857131550759807,-0.0008465952414385565,-0.0006078806673449754,-0.0006132993350452039,1.0,-0.0002637109915121176,-0.00045221763063699384,-0.000833721808675899,-0.002626540821187422,-0.0022884037517588284,-0.0006329594831660094,-0.0040165717963613805,-0.00022351033913726193,-1.847376343091899e-05,-0.000722743731374235,-0.00020624208474102795,-0.0008509289777183701,-0.00015366865409393042,-0.0003488662107749845,-0.000663647139572689,-0.0014114540517607113,-0.0010630418935922467,-0.000444708403389742,-0.0006148375881085261,-0.000580413044269389,-0.0005224641007463689,-0.002568185217033721,-0.00030314542149805185,-0.0011713081669881282,-0.0005098048192185904,-0.0020949582458079743,-0.0010822275905214792,-0.003688181888127413,-0.0017813086342793123,-0.0006500915797199355,-0.00021558296349749733,-0.0002439120580245274,-0.00013171396735419598,-0.00042808659400131016,-0.00043855847779818315,-0.0003025539102151421,-0.00024002235098861472,-0.0001518761257043122,-0.0006648964176289444,-0.003239319910650581,-0.0009814453771751037,-0.0001588560910025542,-0.00030783609910706107,-0.0009890551145657343,-0.0007342287382919492,-0.001348593506288707,-0.0006867139031523746,-0.00027279309151279486,-0.0006010326663519458,0.0010677865170438513,-0.001152992549959889,-0.00030727810599053077,-0.0008006409370278623,-0.0002808574531778584,-0.0020435133135638483,-0.00012445743381665287,-0.0005511578813845624,-0.002395916781516179,-0.0017298424149533745,-0.00039181138660159627,-0.0001694204057898881,-0.0032457949012227863,-6.585488419247036e-05,-0.00045317811288976686,-0.0003955117378969395,-0.0026545953961007638,-0.0005676461308009545,-0.0029762640725116253
artigos_de_festas,-0.0004504603583600753,-0.0010940590314754103,-0.0007855670592218063,-0.0007925696290991554,-0.0002637109915121176,1.0,-0.0005844029812287975,-0.0010774226334770703,-0.0033942911161135817,-0.0029573149832731052,-0.0008179765314284959,-0.005190634714543763,-0.0018284357250042905,-0.003102119737109638,-0.000934005139703603,-0.0002665276208000226,-0.001099659539350819,-0.000198586727915523,-0.00045084145290777834,-0.0008576343348310695,-0.0018240287415475878,-0.0013737740629690303,-0.000574698771368961,-0.0007945575208025766,-0.0007500705201106953,-0.0006751828265322606,-0.0033188778930802088,-0.0003917562608511717,-0.0015136870797392162,-0.0006588231771868262,-0.0027073244417195807,-0.0013985678297812809,-0.004766254884179756,-0.002301993566449582,-0.0008401164207704771,-0.00027859888256150035,-0.0003152087053005889,-0.00017021458248507669,-0.0005532183285425084,-0.0005667511934627751,-0.002739438416439258,-0.00031018201851552656,-0.00019627023500621524,-0.0008592487827671923,-0.00418618842938832,-0.0012683264991823536,-0.00020529047714808716,-0.00039781804569318934,-0.001278160598775488,-0.0009488472684208942,-0.0017427937615585106,-0.0008874436224174056,-0.0003525318013677086,-0.0007767173551752361,-0.0039959908052863025,-0.0014900177212950243,-0.00039709694855164564,-0.0010346720667078462,-0.0003629534140592285,-0.002640841912654457,-0.00016083692990051575,-0.0007122639348562921,-0.003096254579729404,-0.002235483527988068,-0.0005063397065851391,-0.00021894279107415707,-0.0041945560903052645,-8.510457806863188e-05,-0.0005856442169832442,-0.000511121688051774,-0.003430546175858467,-0.0007335717774996864,-0.0038462401265734773
artigos_de_natal,-0.0007724597097202336,-0.0018761174123001385,-0.0013471083332202757,0.002408853321176931,-0.00045221763063699384,-0.0005844029812287975,1.0,0.0011044127554653985,-0.00420655324635626,-0.005071271269789254,-0.001402684836298411,-0.008359240571810454,-0.006015582933244875,-0.007299362022330944,-0.0016016533435244688,-0.0004570476508635144,-7.986539140711993e-05,-0.0003405410561727995,-0.0007731132193537234,-0.0014706909432420218,-0.003127886141516895,-0.002355779136183185,-0.0009855065775918681,-0.0013625253820549754,-0.0012862380573148474,-0.0011578189301494287,-0.005691287604571768,-0.0006717925826811181,-0.0025957051725470134,-0.0011297650298450759,-0.00464258178007638,-0.0023982960537302805,-0.008173282722789844,-0.0028332735649735357,-0.001440650824152694,-0.00047774772620461184,-0.0005405270862994672,-0.00029188785325138486,-0.0009486714236822218,-0.0009718778894987712,-0.004697651557315529,-0.0005319072090055327,-0.000336568681229959,-0.0014734594354321915,-0.007178571519082855,-0.0021749552456860814,-0.00035203679845093657,-0.0006821874697617544,-0.002191818984250595,-0.0016271049647999605,-0.0029885825426609136,-0.0015218085903524778,-0.0006045295837863229,-0.0013319326586197144,-0.005425003149954314,-0.0025551164161475674,-0.000680950915915682,-0.001774279288891155,-0.0006224008032290546,-0.004528576020968013,-0.00027580684044107277,-0.0012214064615281184,-0.005309528062769002,-0.003833458205735655,-0.0008682828921783697,-0.00037544809815049415,-0.006488651888501641,-0.00014593927401311874,-0.0010042760776933907,-0.0008764831432038715,-0.005882778926058724,-0.001257945636702202,-0.006595620405985499
audio,-0.0014241295842669461,-0.0018303538687978564,-0.0024835687951236494,-0.002505707406753228,-0.000833721808675899,-0.0010774226334770703,0.0011044127554653985,1.0,-0.01073104504394082,-0.009349545813548691,-0.0025860312811636695,-0.01600276095794159,-0.01109050674623255,-0.014997675914318963,-0.0029528555101978283,-0.000842626576925496,-0.003476571586259222,-0.0006278315705667317,-0.0014253344139699283,-0.0027114093527841002,-0.005766663470339358,-0.00434318414231891,-0.0018169090956815528,-0.0025119921226724523,-0.0023713465528130617,-0.0021345892489943053,-0.008537376836275633,-0.0012385366892905762,-0.004785518884341166,-0.0020828682480478733,-0.007814136613539462,-0.004421569589933519,-0.013816939094701977,-0.006439834131281568,-0.0026560265000972506,-0.000880789848509563,-0.0009965317349372902,-0.0005381330856129705,-0.0017489987156789819,-0.0017917828429282702,-0.008660729453156357,-0.0009806398740252345,-0.0006205079825469339,-0.0027165134269283254,-0.012829084957382813,-0.004009811865734528,-0.0006490254612841354,-0.0012577010107824897,-0.004040902353288751,-0.0029997788725037943,-0.005509839232351076,-0.0028056513599879194,-0.0011145286336635917,-0.002455590472257266,-0.012275509357156954,-0.0047106882516884906,-0.001255421263512082,-0.0032711138124952898,-0.0011474765427843538,-0.008349016790012218,-0.0005084856544266523,-0.0022518211039213192,-0.00910784161574234,-0.006204420167153501,-0.001600792039641643,-0.0006921872263428669,-0.006905703090743082,-0.00026905796511224133,-0.0018515131016123318,-0.001615910265145067,-0.01027672707952962,-0.0023191858087664957,-0.012159880999049685
automotivo,-0.004486549888479433,-0.010896742265014437,-0.006078709111852617,-0.007893931430486698,-0.002626540821187422,-0.0033942911161135817,-0.00420655324635626,-0.01073104504394082,1.0,-0.023908925688926615,-0.006786219741018255,-0.0506958770504056,-0.03370924107247317,-0.041236523149518804,-0.009302618038648094,-0.0008142966670863884,-0.009467488527914349,-0.0019779082564034835,-0.004490345560326522,-0.008541970803603265,-0.016200299673865198,-0.012445874004991952,-0.0010377799670478708,-0.007913730676158024,-0.0022282029975596042,-0.0038198370507708393,-0.03109581273146435,-0.003901861675090952,-0.014253872355615942,-0.00656182724467937,-0.025538923031821776,-0.01392962604651708,-0.045988844105414095,-0.021553246127873987,-0.008367493751591196,-0.0007870553131531381,-0.0031394540171360017,-0.0016953239100687453,-0.0055100112233252545,-0.005644797498015098,-0.024336094736427092,-0.0030893886104551324,-0.0019548361684583247,-0.008558050578600866,-0.040696294048738424,-0.011876219593442535,-0.0020446770737113213,-0.003962236577348669,-0.012730379456189553,-0.00945044447821274,-0.016716578821800804,-0.008838868973251288,-0.0035111891307591,-0.007178146714175799,-0.037843381599447105,-0.014302328255106573,-0.001915124278508109,-0.01030525274721305,-0.0036149875769289014,-0.025654589876865162,-0.0016019232247995272,-0.0070940930055001785,-0.03009379970965722,-0.02061362483699936,-0.005043103820239701,-0.0021806530511435528,-0.040184784967310275,-0.0008476349320347783,-0.005209314218459574,-0.0025757054292134558,-0.03214597591904224,-0.007306317449363732,-0.03763664762999131
bebes,-0.003908957939822882,-0.00949391141384763,-0.006816911935575243,-0.00687767810647853,-0.0022884037517588284,-0.0029573149832731052,-0.005071271269789254,-0.009349545813548691,-0.023908925688926615,1.0,-0.007098151474985731,-0.04318126276024732,-0.01135192737412197,-0.03132334594579719,-0.007602577478126041,-0.002312845603775733,-0.009542510917267521,-0.0017232752059578712,-0.00391226496236191,-0.006716652844076868,-0.015437035598642035,-0.011921193355427405,-0.0049870610890768614,-0.005597644032240308,-0.006508883768791108,-0.004992084236919864,-0.018590571668890707,-0.0033995416420314417,-0.012644482579534762,-0.0057170670883877435,-0.02349333781703504,-0.012136346120459917,-0.04054320326035817,-0.015874155730648307,-0.004939914857930917,-0.0024175963407285297,-0.002735285244126002,0.003959574564802897,-0.0048006603415325045,-0.00391242755456919,-0.021935598166750683,-0.0026916651855464165,-0.0017031733852708635,-0.00745629951525305,-0.03526766914207604,-0.011006151478713642,0.0014970352871363597,-0.0034521439666266433,-0.010513444439885727,-0.008233807913921592,-0.014740529523854701,-0.0077009657556164285,-0.0008621203159532074,-0.00674011689633175,-0.03082251817769449,-0.012929920455901925,-0.002634158126512413,-0.006975698366787448,-0.0008310566615328629,-0.02240072771723878,-0.0013956939439469756,-0.00618080972439384,-0.026868355224881776,-0.01911718427453386,-0.004393861922743149,-0.0018999189288309837,-0.03570771487979089,-0.000738511635891231,-0.004337546977776664,-0.0029341906710954745,-0.02772681085326165,-0.006365712700062225,-0.02990233008403613
bebidas,-0.0010811955693597877,-0.0014088180778696726,-0.0018855191319336543,-0.0019023267097482025,-0.0006329594831660094,-0.0008179765314284959,-0.001402684836298411,-0.0025860312811636695,-0.006786219741018255,-0.007098151474985731,1.0,-0.001496387219515694,-0.008419884600707831,-0.011151401759025226,-0.0022418004160969034,-0.000639719960642221,-0.0026394043331110146,-0.0004766481364477512,-0.001082110273015359,-0.002058495105598117,-0.004378036284759375,-0.003297334388293153,-0.0013793927784960425,-0.001907098050138614,-0.0018003202901215366,-0.001620574745382922,-0.007965975266520962,-0.000940293914082132,-0.003633153802854688,-0.0015813082926079262,-0.005384406581675708,-0.0033568444213683867,-0.008945527128317726,-0.005525248112399931,-0.0020164485842666855,-0.0006686934196622553,-0.0007565643663636348,-0.000408549274109885,-0.0013278353901913346,-0.0013603169911157917,-0.006575203840735191,-0.0007444993058545439,-0.00047108808699276254,-0.002062370105746482,-0.009441493935384255,-0.00304423900120734,0.007015459912999404,-0.0009548434183658543,-0.0030678428205255085,-0.002277424513780967,-0.004183055974480905,-0.0021300433985077184,-0.0008461473126843333,-0.0018642780601551608,-0.009056333535612046,-0.003576342576284928,-0.000953112640018656,-0.0024834213122270792,-0.0008711612817462536,-0.005157536882474092,-0.0003860410195270998,-0.0017095768723910786,-0.007431634484776286,-0.0053656106269520075,-0.0012153172575358842,-0.0005255067871331257,-0.010067779275360749,-0.00020426812489121626,-0.001405664052056982,-0.0012267949760043624,-0.006107889371974086,-0.0017607199854999165,-0.00708965607674762
beleza_saude,-0.006860944097905733,-0.014571414652934253,-0.010793157003282278,-0.01207159701853373,-0.0040165717963613805,-0.005190634714543763,-0.008359240571810454,-0.01600276095794159,-0.0506958770504056,-0.04318126276024732,-0.001496387219515694,1.0,-0.05213241755553532,-0.06925529763860487,-0.013943244910777095,-0.004059471766869778,-0.01674887142940053,-0.0030246666849323475,-0.006866748534054712,-0.013062595006455752,-0.025140870324791058,-0.02050874835552344,-0.008753214506715309,-0.012101874519310033,-0.011424294751932103,-0.009796144342760894,-0.04851624279335528,-0.0059668242850259645,-0.022502855638237947,-0.009328021677696405,-0.04055144731911538,-0.020728159943978048,-0.06562710519560352,-0.033831320422632746,-0.011474024899479325,-0.004243328682577492,-0.001026444761418116,-0.0025925316476904233,-0.008426046722257741,-0.008066615405993195,-0.04094973047933846,-0.00472437019088247,-0.002989384272043091,-0.012631577401632484,-0.061601237755564815,-0.01931783129699234,-0.003126771227268672,-0.006059151092841275,-0.018167331003031223,-0.013441897230632214,-0.02374511631228564,-0.012748420295279344,-0.0053693980769434916,-0.011830151654478364,-0.058236050671807024,-0.022092298861527925,-0.006048168090484922,-0.01575904977563551,-0.00552812925219451,-0.0370324745089525,-0.0024497009879926625,-0.010848464130770556,-0.042909738745528316,-0.03278139342541488,-0.007712040264936634,-0.0033347090866505625,-0.06242912325424306,-0.0012962244995995684,-0.006826540894304584,-0.006096471905815384,-0.05089309674084088,-0.011173003048591468,-0.05707905170571137
brinquedos,-0.0046368374749843075,-0.011261754387131053,-0.008086275987911057,-0.008158357310553057,-0.00022351033913726193,-0.0018284357250042905,-0.006015582933244875,-0.01109050674623255,-0.03370924107247317,-0.01135192737412197,-0.008419884600707831,-0.05213241755553532,1.0,-0.04601124316662266,-0.00916845733885549,-0.0027435161325696095,-0.011319403510552415,-0.0020441629656058227,-0.004640760291826037,-0.008828104293251073,-0.01738693885767278,-0.012831068800150955,-0.005915692136844957,-0.008178819778727336,-0.00633277706270716,-0.006950030062419032,-0.028124198641884708,-0.004032563748755887,-0.01558121785074811,-0.0067816311483865676,-0.027436520644171868,-0.01349163620057951,-0.046766554721036295,-0.019571189854841638,-0.007952681809719617,-0.0028677723026569414,-0.0017558875398109265,-0.0017521127890785684,-0.005694582064829667,-0.00583388332417834,-0.02779122469633642,-0.0031928749796211425,-0.002020318023574796,-0.00884472269829523,-0.04250362884511802,-0.009451392437193113,-0.0021131683621686366,-0.004094961050980467,-0.012643957016042973,-0.009767009439560232,-0.017939539572766828,-0.00913494776841512,-0.0036288047047169708,-0.007404292382366104,-0.03968249710867801,-0.014767621965021169,-0.004087538399493018,-0.009317700572476965,-0.00373608012503072,-0.02420964550523649,-0.0016555834272280032,-0.007331726408167938,-0.030491254770052535,-0.022511272045540553,-0.0037403784130768305,-0.0022536991761632225,-0.03857639043054062,-0.0008760284663404717,-0.006028359658998194,-0.005261258073992918,-0.03465356458874503,-0.007551059811088751,-0.038168839375888004
cama_mesa_banho,-0.0062703884780383225,-0.014768337902567517,-0.010633881853457906,-0.011032534557400305,-1.847376343091899e-05,-0.003102119737109638,-0.007299362022330944,-0.014997675914318963,-0.041236523149518804,-0.03132334594579719,-0.011151401759025226,-0.06925529763860487,-0.04601124316662266,1.0,0.00464595401389345,-0.003710052819359311,-0.013385423630193231,-0.002764318563227433,-0.006275693297467139,-0.010994273275165023,-0.02505101996502626,-0.018162539816757722,-0.007999781750948625,-0.009372608008654304,-0.009423309236485064,-0.008270730464343682,-0.043062746063100746,-0.0054532300093696915,-0.020219110932477836,-0.008898412568670263,-0.03389009075821077,-0.01924694702873734,-0.06416164334553345,-0.030146417889347372,-0.009316319069477353,-0.0038780842548893223,-0.004387691385518776,-0.002369379540286586,-0.006855310619198591,-0.006580910288311702,-0.03640751985969195,-0.004317720125418341,-0.0027320730832903236,-0.011960705458847691,-0.05597595751210001,-0.01726360203554827,-0.0028576344592155804,-0.005537609789131252,-0.017791939607786668,-0.013207912458677886,-0.024093576618760795,-0.008799149912128608,-0.0030018491750500383,-0.008212753705542595,-0.011166462456261588,-0.0187910664117002,-0.004823603599376038,-0.011579992875984529,-0.005052295642322423,-0.035530508715874674,-0.0022388430266378732,-0.008838524276289277,-0.04194333745280444,-0.02769805201911683,-0.007048226560275653,-0.003047674071696144,-0.05711391844981689,-0.0011846520028812387,-0.008152141874970749,-0.006463850301618673,-0.04662587070234295,-0.009911363853716734,0.0059665231849909085
casa_conforto,-0.001234561359655658,-0.0029984503194888244,0.0037508613483791236,-0.002172168584344717,-0.000722743731374235,-0.000934005139703603,-0.0016016533435244688,-0.0029528555101978283,-0.009302618038648094,-0.007602577478126041,-0.0022418004160969034,-0.013943244910777095,-0.00916845733885549,0.00464595401389345,1.0,-0.0007304631713178188,-0.0030137994406470568,-0.0005442598805308939,-0.0012356058125009037,-0.002350489206977201,-0.004167464024651554,-0.0037650557780781494,-0.0015750573461262947,-0.0021776167314206995,-0.0020556927240316446,-0.0018504505732189335,-0.00909593558715996,-0.0010736730393120098,-0.004148510617136834,-0.0018056142395337371,-0.006903161633643883,-0.0027496927195131333,-0.012484062412819928,-0.0063089953523565384,-0.0023024784566423057,-0.0007635464672315138,-0.0008638817613338783,-0.00046650130801969615,-0.0015161866281825595,-0.0015532756900853986,-0.0075078855515822605,-0.0008501052920913516,-0.00053791114732348,-0.0023549138694410913,-0.011472944029914577,-0.003476059231978517,-0.0005626326176957695,-0.0010902863665396246,-0.0035030112137441867,-0.002600473386985366,-0.004776415495698765,-0.002432186506040131,-0.0009661718993494349,-0.0021287227971940304,-0.0072295194046971935,-0.004083640812722904,-0.0010883100801672859,-0.0017716507733773399,-0.0009947340582507852,-0.007237665472254978,-0.00044080029502197135,-0.0019520775036700503,-0.008485799455709963,-0.006126713555545901,-0.0013877079858594747,-0.0006000490494199091,-0.011128583435383659,-0.00023324321810654476,-0.001605055156075171,-0.0014008137995714463,-0.009401981045896997,-0.0020104751821715416,-0.009973358145097967
casa_conforto_2,-0.0003522943160945429,-0.0008556375075131176,-0.0006143732844383333,-0.0006198498275348623,-0.00020624208474102795,-0.0002665276208000226,-0.0004570476508635144,-0.000842626576925496,-0.0008142966670863884,-0.002312845603775733,-0.000639719960642221,-0.004059471766869778,-0.0027435161325696095,-0.003710052819359311,-0.0007304631713178188,1.0,-0.0008600175313157259,-0.00015530994947290813,-0.0003525923610624418,-0.000670735384015736,-0.0014265294295366842,-0.001074395970699925,-0.00044945821949100606,-0.0006214045102836024,-0.0005866122867438905,-0.0005280444054564738,-0.002595615342936283,-0.0003063832397922041,-0.0011838186083215835,-0.0005152499133980125,-0.002117333956119674,-0.0010937865851244765,-0.003727574410470499,-0.0018003343337442174,-0.0006570350407139442,-0.00021788554969414282,-0.0002465172199950837,-0.0001331207703696815,-0.0004326588768307487,-0.00044324260812564933,-0.002142449530777885,-0.00024258596799855086,-0.00015349827554849975,-0.0006719980052896593,-0.0032739182536355507,0.0032019958080437855,-0.0001605527920612206,-0.0003111240173225622,-0.0009996189579120733,-0.0007420708466410921,-0.0013629974867429184,-0.000694048517765662,-0.00027570672437537513,-0.0006074521417076398,-0.0031251692224227206,-0.0011653073668976923,-0.00031056006442504145,-0.0008091923769940024,-0.000283857219413662,-0.002065339553783142,-0.0001257867316634209,-0.0005570446569871466,-0.002421506952557323,-0.0017483184169640967,-0.00039599622326885113,-0.00017122994157822016,-0.003280462401917033,-6.655826327616023e-05,-0.00045801839178024744,-0.00039973609706483635,-0.0026829484469058453,-0.000573709013155667,-0.0030080527837334143
casa_construcao,-0.0014535221685076482,-0.003530253054219522,-0.0025348271257101596,-0.002557422655737025,-0.0008509289777183701,-0.001099659539350819,-7.986539140711993e-05,-0.003476571586259222,-0.009467488527914349,-0.009542510917267521,-0.0026394043331110146,-0.01674887142940053,-0.011319403510552415,-0.013385423630193231,-0.0030137994406470568,-0.0008600175313157259,1.0,-0.0006407893747797216,-0.0014547518646686832,-0.002767370080440668,-0.00588568153141502,-0.0037409328650223643,-0.0018544082490187905,-0.0001321181906975818,-0.0009539362432584701,0.00919680848277402,-0.010310482325326718,-0.0012640988251926626,-0.004884287120390367,-0.0021258565274287797,-0.007824283594826474,-0.0045128262832035675,-0.014613871740368883,-0.007427953688927691,-0.002710844182078,-0.0008989684539586205,-0.001017099135047002,-0.0005492396044482966,-0.0017850962679350955,-0.0018287634159981074,-0.0036760247778199837,-0.0010008792823105093,-0.0006333146353617708,-0.0027725794974770607,-0.011275001952312442,-0.004092570298924301,-0.0006624206858170067,-0.0012836586787626364,-0.0041243024624779455,-0.0030616912533627466,-0.004188071746806441,-0.002863557146694148,-0.0011375313695912341,-0.0025062713587537945,-0.0012931326443618382,-0.004406526222172122,-0.0012813318798303322,-0.002400046542398853,-0.0011711592900010585,-0.005621370044091738,-0.0005189802804761652,-0.0022982963981805727,-0.009990834015592856,-0.006157410696078127,-0.0016338307570426354,-0.0007064732657492503,-0.013534776481782885,-0.00027461104749502583,-0.0018897264463902134,-0.0016492610073236018,-0.009677340895627117,-0.0023670514419273626,-0.010156616641779049
cds_dvds_musicais,-0.0002624905264469519,-0.0006375258683838738,-0.00045776261352987985,-0.00046184312409972207,-0.00015366865409393042,-0.000198586727915523,-0.0003405410561727995,-0.0006278315705667317,-0.0019779082564034835,-0.0017232752059578712,-0.0004766481364477512,-0.0030246666849323475,-0.0020441629656058227,-0.002764318563227433,-0.0005442598805308939,-0.00015530994947290813,-0.0006407893747797216,1.0,-0.000262712596395164,-0.0004997573790252132,-0.0010628910085812035,-0.0008005203350650111,-0.00033488625634949795,-0.0004630015007028376,-0.00043707820686590443,-0.0003934399382658355,-0.0019339637533019017,-0.00022828270066666738,-0.0008820499097483207,-0.0003839069063586404,-0.0015776016796612482,-0.0008149680634441191,-0.002777373703389548,-0.0013414088319217393,-0.0004895494075607383,-0.00016234406867084668,-0.00018367720368609334,-9.918678644246163e-05,-0.0003223692553721833,-0.0003302550743378944,-0.0015963150114207086,-0.00018074807210768319,-0.0001143698360055652,-0.0005006981439134272,-0.0024393596112134265,-0.0007390743365054847,-0.00011962607679247429,-0.00023181500060130087,-0.0007448048251743118,-0.000552908628657761,-0.0010155540736711747,-0.000517127732367805,-0.00020542597459005278,-0.00045260574804555683,-0.0023285283836637803,-0.0008682573922861832,-0.00023139480565009105,-0.0006029201248226154,-0.000211498816630541,-0.0015388612361794856,-9.372227681786528e-05,-0.00041504769900340685,-0.0018042375529020364,-0.0013026523582703954,-0.00029505232519548346,-0.0001275815006231502,-0.00244423558238039,-4.959181221097479e-05,-0.00034126434429478407,-0.00029783886303247234,-0.001999034665292094,-0.0004274641230662943,-0.0022412662444730082
cine_foto,-0.0005959190302395986,-0.0014473428903604556,0.045318240518884556,-0.0010484991986632948,-0.0003488662107749845,-0.00045084145290777834,-0.0007731132193537234,-0.0014253344139699283,-0.004490345560326522,-0.00391226496236191,-0.001082110273015359,-0.006866748534054712,-0.004640760291826037,-0.006275693297467139,-0.0012356058125009037,-0.0003525923610624418,-0.0014547518646686832,-0.000262712596395164,1.0,-0.0011345740232799183,-0.002413027958218894,-0.0018173810240554537,-0.0007602754119382852,-0.0010511290027606795,-0.000992276653561534,-0.0008932068888066244,-0.0015512929094438036,-0.0005182587251553553,-0.0020024735138254833,-0.0008715645262944595,-0.0035815496878058546,-0.0018501809745960517,-0.005396609230706845,-0.0030453329538930227,-0.001111399379462622,-0.00036856156782874154,-0.00041699311049176406,-0.00022517876888527655,-0.0007318586946385384,-0.0007497614725189483,-0.0036240336229999897,-0.00041034325050147316,-0.00025964808209895835,-0.0011367097944540376,-0.0055379553448900885,-0.0016778832662912582,-0.0002715810609947663,-0.000526277927905466,-0.001690892906282971,-0.001255240630055352,-0.0023055612975057477,-0.0011740090621704714,-0.0004663682503927113,-0.0010275280487529641,-0.005286340787459652,-0.000541957667010476,-0.0005253239804574373,-0.0013687792125665083,-0.0004801551180124687,-0.0034935992088945215,-0.00021277296773007664,-0.0009422619004243144,-0.004096069703546211,-0.0029573460824944713,-0.0006698424430032162,-0.00028964185929667596,-0.005549025016807775,-0.00011258579515462953,-0.0007747552639717709,-0.0006761685795995419,-0.0020597809510532828,-0.0009704502830175973,-0.004196391623432096
climatizacao,-0.001133614972217877,-0.002753276010980941,-0.001976934403855253,-0.001994556860325897,-0.000663647139572689,-0.0008576343348310695,-0.0014706909432420218,-0.0027114093527841002,-0.008541970803603265,-0.006716652844076868,-0.002058495105598117,-0.013062595006455752,-0.008828104293251073,-0.010994273275165023,-0.002350489206977201,-0.000670735384015736,-0.002767370080440668,-0.0004997573790252132,-0.0011345740232799183,1.0,-0.004590295800282509,-0.0011915454779116619,-0.0014462696209514192,-0.0019995595287213377,-0.0018876048825078736,-0.0016991447680941272,-0.008352188157589634,-0.0009858820083031162,-0.0007965119767098747,-0.0016579745672229032,-0.005320663305135016,-0.003519593682503239,-0.01074104876174152,-0.004953875865661881,-0.0021142116843724944,-0.0007011135578381655,-0.0007932447352371207,-0.00042835689226320366,-0.0013922125854187455,-0.0014262689857343091,-0.005954645718183933,-0.0007805947266527006,-0.0004939277627309402,-0.0021623596104016454,-0.010128646392936702,-0.00319183227214079,-0.0005166278324602139,-0.00100113691348566,-0.0032165804710225236,-0.0023878404611359077,-0.00438586229603663,-0.0022333138947766245,-0.000887170914813164,-0.001954663505160825,-0.008981052195077029,-0.0030925477708729156,0.0014919152793401445,-0.0026038245638876673,-0.0009133976314653489,-0.006645863228329816,-0.0004047573741772711,-0.0017924619686033965,-0.007109892528475141,-0.004761315968920382,-0.0012742392571523395,-0.0005509848345466057,-0.010555893537643479,-0.00021417161823985905,-0.0014738145997618246,-0.0012862734477016987,-0.008063362721554113,-0.0018460846437132895,-0.009679332072864531
consoles_games,-0.0024109882349583394,-0.005855706066655858,-0.0030549931170712687,-0.004242051527241865,-0.0014114540517607113,-0.0018240287415475878,-0.003127886141516895,-0.005766663470339358,-0.016200299673865198,-0.015437035598642035,-0.004378036284759375,-0.025140870324791058,-0.01738693885767278,-0.02505101996502626,-0.004167464024651554,-0.0014265294295366842,-0.00588568153141502,-0.0010628910085812035,-0.002413027958218894,-0.004590295800282509,1.0,-0.00735281815999826,-0.003075946530478016,-0.004252691272605557,-0.004014584559581564,-0.0036137649429162904,-0.016707415636018772,-0.0020967876936430468,-0.008101671263473224,-0.003526203581815659,-0.014490348054075283,-0.007485521246907172,-0.024158235244827415,-0.011415700187571608,-0.0031998270392074946,-0.001491138156027027,-0.0016870840373231601,-0.0009110354511191363,-0.0029609772685327213,-0.0030334088987583486,-0.013395779069363248,-0.0016601798215033592,-0.001050492498818828,-0.004598936771475018,-0.02174847143382811,-0.00678843367870823,-0.001098771325749769,-0.002129232040111518,-0.006841068495469446,-0.005078492609790263,-0.009327913493594488,-0.0047498433394373455,-0.0018868475544451852,-0.004157205779511687,-0.021194374888706423,-0.007974986320661126,-0.002125372529075195,-0.003880356142223023,-0.0019426269035537377,-0.014134515199015913,-0.0008608436647981084,-0.0038122332748110367,-0.015100713908366108,-0.01103255835240424,-0.002710069938037014,-0.0011718422800409327,-0.022164349083128643,-0.00045550320390356494,-0.0031345295780484997,-0.0027356644234159655,-0.018361230496701342,-0.003926278732912282,-0.018816857558943408
construcao_ferramentas_construcao,-0.001815844798859465,-0.004410246906480909,-0.003166688993092167,-0.003194916960002962,-0.0010630418935922467,-0.0013737740629690303,-0.002355779136183185,-0.00434318414231891,-0.012445874004991952,-0.011921193355427405,-0.003297334388293153,-0.02050874835552344,-0.012831068800150955,-0.018162539816757722,-0.0037650557780781494,-0.001074395970699925,-0.0037409328650223643,-0.0008005203350650111,-0.0018173810240554537,-0.0011915454779116619,-0.00735281815999826,1.0,-0.002316660624034474,-0.003202930323983586,-0.003023599363280887,-0.002721720571153519,-0.01337868482398622,-0.0015792034870215424,-0.004569277259930369,-0.0026557734048296743,-0.010913459786381228,-0.005637748299996772,-0.01687511563890149,-0.009279535850531035,-0.0033865822036954034,-0.001123056274494564,-0.0012706336472293176,-0.0006861497544884703,-0.002230071094767967,-0.0022846232477445197,-0.009131637400798835,-0.0012503706365453858,-0.0007911823511050882,-0.0034637064153532748,-0.01646165291626812,-0.005112734193038482,-0.0008275437300228487,-0.0016036390678066384,-0.0051523763019746625,-0.0038248856870482717,-0.007025352905484911,-0.0035773622609417363,-0.001421086286652581,-0.0020912986055961883,-0.01209762417335572,-0.006006390749392354,-0.0003335044033562676,0.0005193132491100578,-0.0014630967118773421,-0.010645462941869811,-0.0006483476230574576,-0.002871197736982861,-0.012134330555381106,-0.007252566421146363,-0.0020410993011813166,-0.0008825773923084749,-0.014749968616318292,-0.00034306394020475265,-0.0011985154782460452,-0.0020603758834893456,-0.013538963251986866,-0.0029570914999319524,-0.013001284016155485
construcao_ferramentas_ferramentas,-0.000759632754054086,-0.0018449638458820205,-0.0013247391421151754,-0.001336547909174613,-0.000444708403389742,-0.000574698771368961,-0.0009855065775918681,-0.0018169090956815528,-0.0010377799670478708,-0.0049870610890768614,-0.0013793927784960425,-0.008753214506715309,-0.005915692136844957,-0.007999781750948625,-0.0015750573461262947,-0.00044945821949100606,-0.0018544082490187905,-0.00033488625634949795,-0.0007602754119382852,-0.0014462696209514192,-0.003075946530478016,-0.002316660624034474,1.0,-0.0013399001856211497,-0.001264879637801565,-0.001138592953830419,-0.0055967818421759595,-0.0006606372388276229,-0.0025526026071293925,-0.0011110048980626157,-0.004565490133845278,-0.002358471533734707,0.001626561855634538,0.0009705805802699798,-0.0014167283282357187,-0.00046981456305509526,-0.0005315514505671774,-0.00028704095637633643,-0.0009329184126964158,-0.0009557395272713954,-0.0046196454587417194,-0.0005230747092614411,-0.00033097984404087876,-0.001448992141389092,-0.007059368902476636,-0.0021388393756138963,-0.00034619110792524565,-0.0006708595152800809,-0.002155423086075671,-0.001600086334591758,-0.0029389561151632474,-0.0014965384421813822,-0.0005944911648597035,-0.0013098154647422475,-0.006738629591392335,-0.00251268784080655,-0.0006696434948303184,-0.0017448167790779171,-0.0006120656266377822,-0.004453377479062372,-0.00027122697424191567,-0.0012011245926678716,-0.005221361547140559,-0.0037698023310869856,-0.0008538647600434381,-0.0003692136550470962,-0.0070734796875642865,-0.00014351590283380529,-0.0009875997325545446,-0.0008619288431173732,-0.005785093385274163,-0.0012370570224361321,-0.0064860978904759115
construcao_ferramentas_iluminacao,-0.0010502404874538037,-0.0025507795951302784,-0.001831535929617266,-0.0018478622994407838,-0.0006148375881085261,-0.0007945575208025766,-0.0013625253820549754,-0.0025119921226724523,-0.007913730676158024,-0.005597644032240308,-0.001907098050138614,-0.012101874519310033,-0.008178819778727336,-0.009372608008654304,-0.0021776167314206995,-0.0006214045102836024,-0.0001321181906975818,-0.0004630015007028376,-0.0010511290027606795,-0.0019995595287213377,-0.004252691272605557,-0.003202930323983586,-0.0013399001856211497,1.0,0.00039732582161384355,-0.0015741770118001118,-0.0077379060588545585,-0.0009133729055699314,-0.003529135088080483,-0.0015360347740110308,-0.0063120798281085235,-0.00046362429964924134,-0.009618369127909676,-0.005367057945220864,-0.0019587168169027686,-0.0006495484470391367,-0.000734903611740119,-0.0003968523373103904,-0.0012898189069334794,-0.0013213705460216611,-0.004707608650398477,-0.0007231839789656928,-0.0004576006377920589,-0.0020033235859927877,-0.009760025482952567,-0.002957081163814833,-0.0004786311753925551,-0.0009275058514533357,-0.002980009195901694,-0.00221222089627031,-0.004063293330259215,-0.0020690593640437676,-0.0008219217607944102,-0.00181090299861861,0.0006143581575063304,-0.003473950390717403,-0.0009258246260149972,-0.002412319920114805,-0.0008462195694473968,-0.006157076968396894,-0.00037498850348173366,-0.0016606309706419502,-0.0072188636774487315,-0.005211990947830214,-0.0011805222155333735,-0.0005104613077593246,-0.00977953453878202,-0.0001984198429374416,-0.0013654193016188363,-0.0011916713221157829,-0.007998258717110985,-0.0017103098350061147,-0.00896744193007969
construcao_ferramentas_jardim,-0.000991437885919299,-0.002407962328107551,-0.0017289888665855376,-0.0017444011286111452,-0.000580413044269389,-0.0007500705201106953,-0.0012862380573148474,-0.0023713465528130617,-0.0022282029975596042,-0.006508883768791108,-0.0018003202901215366,-0.011424294751932103,-0.00633277706270716,-0.009423309236485064,-0.0020556927240316446,-0.0005866122867438905,-0.0009539362432584701,-0.00043707820686590443,-0.000992276653561534,-0.0018876048825078736,-0.004014584559581564,-0.003023599363280887,-0.001264879637801565,0.00039732582161384355,1.0,-0.0014860393855369114,-0.0073046633757492315,-0.0008622334725921947,-0.0033315400354949555,-0.00145003271844537,-0.005958668662360907,-0.003078169048040139,-0.01003978818643576,-0.0050665582277414365,-0.0018490489399934683,-0.0006131804542176053,-0.0006937566127778212,-0.00037463271224577046,-0.0012176023925807,-0.00124738746631244,-0.0055230184143226875,0.007263736987851939,-0.0004319797364009191,-0.001891158191514992,-0.009213565032897037,-0.0027915152125320038,-0.0004518327814772384,-0.0008755751197252573,-0.0028131595120349353,0.0008826357140922711,-0.0038357909424999825,-0.0019532134460958648,-0.0007759026457727399,-0.0017095111662549537,-0.008794950771182334,-0.003279445110244663,-0.0008739880255175571,-0.0022772549623924507,-0.0007988400285257072,-0.0058123443591373255,-0.0003539930269088228,-0.0015676528171342083,-0.005344110813478952,-0.003988265644829605,-0.0011144251851180462,-0.0004818807557452485,-0.009231981783440287,-0.0001873103845798829,-0.001288969947323539,-0.0011249500570802405,-0.006936113311482325,-0.0016145501790703221,-0.008465357958934383
construcao_ferramentas_seguranca,-0.000892451864455837,-0.0021675492734135066,-0.0015563651132586087,-0.0015702386016289587,-0.0005224641007463689,-0.0006751828265322606,-0.0011578189301494287,-0.0021345892489943053,-0.0038198370507708393,-0.004992084236919864,-0.001620574745382922,-0.009796144342760894,-0.006950030062419032,-0.008270730464343682,-0.0018504505732189335,-0.0005280444054564738,0.00919680848277402,-0.0003934399382658355,-0.0008932068888066244,-0.0016991447680941272,-0.0036137649429162904,-0.002721720571153519,-0.001138592953830419,-0.0015741770118001118,-0.0014860393855369114,1.0,-0.0050155313800045115,-0.0007761473322129872,-0.002998916178626602,-0.0013052601897481726,-0.0053637499967713305,-0.0027708419710897715,-0.00944290208653135,-0.004560708644424222,-0.0016644382844388861,-0.0005519599839650671,-0.0006244913487223152,-0.0003372290561802334,-0.001096035909921816,-0.001122847215967707,-0.004866239558865629,-0.0006145324790679679,-0.00038885050352971705,-0.001702343311637245,-0.007323094065571498,-0.00251280790401815,-0.0004067214033057954,-0.0007881569376838988,-0.002532291217819761,-0.0018798557921253687,-0.0020488194405944233,-0.0017582029155888044,-0.0006984358502843052,-0.0015388320834821233,-0.007916855231188876,-0.0029520224560559798,-0.0007867283003432684,-0.0020498918448572418,-0.0007190831447788506,-0.005232034839340211,-0.00031865005499180795,-0.001411136995409081,-0.006134298215650428,-0.004428938985388938,-0.001003160004656222,-0.00043376936166956677,-0.008310252686797394,-0.00016860915275116332,-0.0011602780658818764,-0.0010126340642410045,-0.006796596579314205,-0.001453352083910719,-0.007620169252188608
cool_stuff,-0.004386869225915241,-0.01065464209544834,-0.0076503512307692645,-0.006886645546341782,-0.002568185217033721,-0.0033188778930802088,-0.005691287604571768,-0.008537376836275633,-0.03109581273146435,-0.018590571668890707,-0.007965975266520962,-0.04851624279335528,-0.028124198641884708,-0.043062746063100746,-0.00909593558715996,-0.002595615342936283,-0.010310482325326718,-0.0019339637533019017,-0.0015512929094438036,-0.008352188157589634,-0.016707415636018772,-0.01337868482398622,-0.0055967818421759595,-0.0077379060588545585,-0.0073046633757492315,-0.0050155313800045115,1.0,-0.003815171419398996,-0.014741246692489865,-0.006416038764969966,-0.02592815754550097,-0.013161531843535629,-0.045191990246151045,-0.02094225239695002,-0.008181587578274644,-0.0027131729609521813,-0.0030697026794050913,-0.0016576577713168683,-0.005387591639651809,-0.004614675405353375,-0.02640304929836852,-0.003020749609159402,-0.0019114042732782906,-0.00691024459479088,-0.0392199387111279,-0.012351769438562097,-0.001999249123392333,-0.0038742049323020715,-0.011927525718569004,-0.009240477668407783,-0.016283503787615578,-0.008642489943156388,-0.0034331787067936378,-0.007564167188999861,-0.034923628211493814,-0.01451073943867968,-0.0031369435454601338,-0.009625843441235538,-0.003534670993855789,-0.025486234597675513,0.0021307932669952126,-0.006936478823409747,-0.029553522482164005,-0.02126378797540528,-0.004931057828848335,-0.00213220403210581,-0.03696200068691234,-0.000828802463046793,-0.0057033755471226615,0.00042423396367495775,-0.03190552297364139,-0.004655063575602766,-0.03553380801441716
dvds_blu_ray,-0.000517820643046491,-0.001257660836731275,-0.0009030380414456211,-0.0009110877514135782,-0.00030314542149805185,-0.0003917562608511717,-0.0006717925826811181,-0.0012385366892905762,-0.003901861675090952,-0.0033995416420314417,-0.000940293914082132,-0.0059668242850259645,-0.004032563748755887,-0.0054532300093696915,-0.0010736730393120098,-0.0003063832397922041,-0.0012640988251926626,-0.00022828270066666738,-0.0005182587251553553,-0.0009858820083031162,-0.0020967876936430468,-0.0015792034870215424,-0.0006606372388276229,-0.0009133729055699314,-0.0008622334725921947,-0.0007761473322129872,-0.003815171419398996,1.0,-0.001740038612621216,-0.0007573413174619696,-0.0031121683791453013,-0.0016077048280074507,-0.0054789841619683494,0.0006150285955887408,-0.0009657445259357155,-0.00032025959630550154,-0.0003623439253718526,-0.00019566788269491917,-0.0006359446848417026,-0.0006515012075971998,-0.002236535220361043,-0.0003565655652228942,-0.00022561980741613984,-0.0009877378752022423,-0.004022969620282399,-0.0014579876590927732,-0.00023598890538369775,-0.000457306380935035,-0.0014692923159412624,-0.001090734608646437,-0.002003405115586777,-0.0010201488737003337,-0.0004052481881938318,-0.000892864983250547,-0.004593537455624895,-0.0017128298201434568,-0.0004564774534198747,-0.0011893933505612126,-0.0004172282128182993,-0.0030357442825229893,-0.00018488792836268418,-0.0008187734212813358,-0.003559257785408775,-0.0025697700063926536,-0.0005820559958226179,-0.00025168273913636483,-0.00482179550689839,-9.783082245490758e-05,-0.0006732194285391667,-0.0005875530582658034,-0.00394353819113142,-0.000843267565049537,-0.002827810572025612
eletrodomesticos,-0.00010438365867793554,-0.004859411704405156,-0.003489202732534096,-0.003520305597227711,-0.0011713081669881282,-0.0015136870797392162,-0.0025957051725470134,-0.004785518884341166,-0.014253872355615942,-0.012644482579534762,-0.003633153802854688,-0.022502855638237947,-0.01558121785074811,-0.020219110932477836,-0.004148510617136834,-0.0011838186083215835,-0.004884287120390367,-0.0008820499097483207,-0.0020024735138254833,-0.0007965119767098747,-0.008101671263473224,-0.004569277259930369,-0.0025526026071293925,-0.003529135088080483,-0.0033315400354949555,-0.002998916178626602,-0.014741246692489865,-0.001740038612621216,1.0,-0.002926252575272433,-0.011520169997348945,-0.006211928868480196,-0.021169968076701875,-0.010224616915948942,-0.0021050731094601942,-0.0012374347560824568,-0.0014000422534809973,-0.0007560311743626454,-0.0024571943043928297,-0.0025173023609928536,-0.011214506400667939,-0.001377715541763469,-0.0008717608920328508,-0.0038164701097928356,-0.017494510277436887,-0.005633444318650955,-0.0009118255219839749,-0.0017669628528710084,-0.005677123806951289,-0.0004861772268559246,-0.006945960469818418,-0.0039417013174866365,-0.0015658178511913322,-0.003449895570683371,-0.01702149377668329,-0.006618115975760108,-7.86439992783179e-05,-0.00459563643874014,-0.0016121068586717026,-0.011729657843535784,-0.0007143790574126076,-0.003163616954926697,-0.013291085657500144,-0.009929203551530865,-0.0022489765412993966,-0.00097246412755819,-0.017913065315195414,-0.0003780035362511118,-0.0026012182896454467,-0.0022702163611268726,-0.015237236529173283,-0.0032582586305201244,-0.016528809742535563
eletrodomesticos_2,-0.0008708277961495406,-0.002115029652566353,-0.001518654456965474,-0.0015321917913402134,-0.0005098048192185904,-0.0006588231771868262,-0.0011297650298450759,-0.0020828682480478733,-0.00656182724467937,-0.0057170670883877435,-0.0015813082926079262,-0.009328021677696405,-0.0067816311483865676,-0.008898412568670263,-0.0018056142395337371,-0.0005152499133980125,-0.0021258565274287797,-0.0003839069063586404,-0.0008715645262944595,-0.0016579745672229032,-0.003526203581815659,-0.0026557734048296743,-0.0011110048980626157,-0.0015360347740110308,-0.00145003271844537,-0.0013052601897481726,-0.006416038764969966,-0.0007573413174619696,-0.002926252575272433,1.0,-0.004587797033673346,-0.0027037045954674964,-0.009214100996117892,-0.004450202880270467,-0.0016241090200966946,-0.000538586018521137,-0.0006093599515912219,-0.00032905801140331565,-0.0010694790094028666,-0.0010956406787160599,-0.005295869158298412,-0.0005996423848981088,-0.0003794286734185738,-0.0016610956102006563,-0.008092719318304454,-0.002451922682168966,-0.00039686656210146705,-0.0007690599307355629,-0.0024709339161585035,-0.0018343069713161976,-0.0033691605095869785,-0.0017156017384752152,-0.0006815127812251908,-0.0015015462517073697,-0.007104573054105969,-0.00231160661548831,-0.0007676659092130739,-0.0020002230581818423,-0.000701659792708095,-0.0051052628718505945,-0.0003109291785732766,-0.0013769452098421615,-0.005985664447366226,-0.004321625994113129,-0.0009788534831206672,-0.00042325914965758184,-0.008108895640105009,-0.0001645237606069257,-0.001132164580829953,-0.0009880979866702696,-0.006631915351636992,-0.0014181374286589337,-0.007080538765719098
eletronicos,-0.0035785222176175843,-0.007051650739711172,-0.00624065830140501,-0.00629628772899262,-0.0020949582458079743,-0.0027073244417195807,-0.00464258178007638,-0.007814136613539462,-0.025538923031821776,-0.02349333781703504,-0.005384406581675708,-0.04055144731911538,-0.027436520644171868,-0.03389009075821077,-0.006903161633643883,-0.002117333956119674,-0.007824283594826474,-0.0015776016796612482,-0.0035815496878058546,-0.005320663305135016,-0.014490348054075283,-0.010913459786381228,-0.004565490133845278,-0.0063120798281085235,-0.005958668662360907,-0.0053637499967713305,-0.02592815754550097,-0.0031121683791453013,-0.011520169997348945,-0.004587797033673346,1.0,-0.010586152734284024,-0.03618358467859038,-0.017724918198979388,-0.0066740063166875535,-0.002213229804902905,-0.002504063530054196,-0.0013522092541125117,-0.004394846390234661,-0.004502353425840431,-0.02003128595369646,-0.00246413080343912,-0.0015591991250545137,-0.006825996566684307,-0.02930848428344622,-0.00961157668329085,-0.0016308572328411367,-0.003160324074386839,-0.010153892602343551,-0.007537779891512123,-0.013451221964081035,-0.00704998044947857,-0.0028005636016536378,-0.006170354972905112,-0.030303652378064563,-0.011836916215468282,-0.0031545955744330034,-0.007189695993766814,-0.0028833543997068877,-0.02097922998608335,-0.0012777118260921688,-0.005658327682751243,-0.023454352345053373,-0.016890011542497745,-0.004022435839356421,-0.0017393131886197593,-0.031544635182056024,-0.0006760830732104637,-0.004652442336376532,-0.0040604245915406125,-0.0262980025933729,-0.005827600265551908,-0.02973057682180081
eletroportateis,-0.0018486170237278848,-0.0044898426976164125,-0.0032238411482958013,-0.003252578571345037,-0.0010822275905214792,-0.0013985678297812809,-0.0023982960537302805,-0.004421569589933519,-0.01392962604651708,-0.012136346120459917,-0.0033568444213683867,-0.020728159943978048,-0.01349163620057951,-0.01924694702873734,-0.0027496927195131333,-0.0010937865851244765,-0.0045128262832035675,-0.0008149680634441191,-0.0018501809745960517,-0.003519593682503239,-0.007485521246907172,-0.005637748299996772,-0.002358471533734707,-0.00046362429964924134,-0.003078169048040139,-0.0027708419710897715,-0.013161531843535629,-0.0016077048280074507,-0.006211928868480196,-0.0027037045954674964,-0.010586152734284024,1.0,-0.0186792673457066,-0.009447012187583417,-0.0034477029743607873,-0.0011433251062751156,-0.001293565943887387,-0.0006985333315770287,-0.0022703192434182463,-0.0023258559493838727,-0.01124221565360402,-0.0012729372279718582,-0.0008054615482802289,-0.0035262191177568647,-0.016894081778907603,-0.0052050084197630235,-0.0008424791745200067,-0.0016325814202428316,-0.005245365986380225,-0.0038939169246907756,-0.00632655449175921,-0.0036419262151547956,0.0032903746392515328,-0.0031875233830322355,-0.015391803570186718,-0.0056530950034485335,-0.0016296221532910104,-0.00424612812424862,-0.0014895025668689563,-0.010837591424204308,-0.0006600489502353816,-0.002923016889113742,-0.012706531928183457,-0.009174065662840587,-0.0020779369016851266,-0.0008985060800370337,-0.016841116162622953,-0.0003492555313581976,-0.0024033898860809774,-0.002097561386242484,-0.012076714772854701,-0.0030104608559766736,-0.013479502612026503
esporte_lazer,-0.006300001852394354,-0.012852817437658476,-0.008186987879092618,-0.011084638279057594,-0.003688181888127413,-0.004766254884179756,-0.008173282722789844,-0.013816939094701977,-0.045988844105414095,-0.04054320326035817,-0.008945527128317726,-0.06562710519560352,-0.046766554721036295,-0.06416164334553345,-0.012484062412819928,-0.003727574410470499,-0.014613871740368883,-0.002777373703389548,-0.005396609230706845,-0.01074104876174152,-0.024158235244827415,-0.01687511563890149,0.001626561855634538,-0.009618369127909676,-0.01003978818643576,-0.00944290208653135,-0.045191990246151045,-0.0054789841619683494,-0.021169968076701875,-0.009214100996117892,-0.03618358467859038,-0.0186792673457066,1.0,-0.0249514272919403,-0.010847316918517837,-0.002529966188347801,0.0033215467922525716,-0.0023805694886547815,-0.005491613708726499,-0.007926410176604295,-0.03593359814669429,-0.004338111567333954,-0.002744975936640909,-0.010617601534955891,-0.057022496721349014,-0.017478511129382715,-0.0009832297270327831,-0.005563762444951046,-0.01787596619879744,-0.013270289910644313,-0.022830727289140818,-0.011231592592207297,-0.003665244848128006,-0.010862933187295547,-0.05360046548178731,-0.01911262869606526,-0.005553677399190301,-0.013893937184393095,-0.005076156288714097,-0.03559769032572703,-0.002249416485826904,-0.009961507213030468,-0.04048787980912038,-0.030453825926833548,-0.007081513456678654,-0.0030620674244390893,-0.05498117356169835,-0.0011902467987006152,-0.006047070128124466,-0.007148392798087389,-0.04658861563286529,-0.009064630625017934,-0.050560630160868224
fashion_bolsas_e_acessorios,-0.0030427587456493795,-0.007390123513637654,-0.004503020645064345,-0.004284106547397903,-0.0017813086342793123,-0.002301993566449582,-0.0028332735649735357,-0.006439834131281568,-0.021553246127873987,-0.015874155730648307,-0.005525248112399931,-0.033831320422632746,-0.019571189854841638,-0.030146417889347372,-0.0063089953523565384,-0.0018003343337442174,-0.007427953688927691,-0.0013414088319217393,-0.0030453329538930227,-0.004953875865661881,-0.011415700187571608,-0.009279535850531035,0.0009705805802699798,-0.005367057945220864,-0.0050665582277414365,-0.004560708644424222,-0.02094225239695002,0.0006150285955887408,-0.010224616915948942,-0.004450202880270467,-0.017724918198979388,-0.009447012187583417,-0.0249514272919403,1.0,-0.005674798102033363,0.0008625761603149269,-0.0021291641472067765,0.011425987264272318,-0.00373686580003262,-0.002665150566880865,-0.017619314459580322,-0.002095210004754422,-0.0013257614415838565,-0.005804032918615943,-0.025980677883158634,-0.006479101598936697,-0.0013866911552771072,-0.0026871717238712203,-0.007296587841602241,-0.006409250604834259,-0.010000753835418225,-0.004414582156870878,-0.0023812732948049545,-0.0052465516254549035,-0.025101248932755713,-0.009321754194360455,0.0029506357099043992,-0.006988977878798746,0.0029114566118492347,-0.016645417922840227,-0.0010864174083149653,-0.0048111832190617584,-0.019115295951270005,-0.012494093072292614,-0.003420211217009981,-0.00147890947554868,-0.024335207378418655,-0.0005748623478342446,-0.003955895407871448,-0.00345251242988934,-0.021454597440816573,-0.004955112919757758,-0.02072601029597936
fashion_calcados,-0.001110459917837922,-0.0026970379960290984,-0.001936553829543227,-0.001953816332283679,-0.0006500915797199355,-0.0008401164207704771,-0.001440650824152694,-0.0026560265000972506,-0.008367493751591196,-0.004939914857930917,-0.0020164485842666855,-0.011474024899479325,-0.007952681809719617,-0.009316319069477353,-0.0023024784566423057,-0.0006570350407139442,-0.002710844182078,-0.0004895494075607383,-0.001111399379462622,-0.0021142116843724944,-0.0031998270392074946,-0.0033865822036954034,-0.0014167283282357187,-0.0019587168169027686,-0.0018490489399934683,-0.0016644382844388861,-0.008181587578274644,-0.0009657445259357155,-0.0021050731094601942,-0.0016241090200966946,-0.0066740063166875535,-0.0034477029743607873,-0.010847316918517837,-0.005674798102033363,1.0,-0.0006867927143806228,-0.0007770420337633641,-0.0004196073367461616,-0.0013637754538406714,-0.0013971362230816799,-0.006753172620818095,-0.0007646504124125726,-0.00048383886616016995,-0.002118191567816717,-0.009881099581038,-0.003126636370847729,-0.0005060752675700448,-0.0009806878366459516,-0.003150879066622193,-0.0023390667795215123,-0.003027490743686965,-0.002187696550309283,-0.0008690496908700673,-0.001914737832983131,-0.009850783845828071,-0.003673142210315623,-0.000978910211916725,-0.00255063922243554,-0.0008947407044262703,-0.005655716320884891,-0.0003964898589808054,-0.0017558494013965454,-0.003950824890011337,-0.005510839763691996,-0.0012482118316017533,-0.0005397304985338341,-0.008622103714661622,-0.0002097969799468597,-0.0014437106773191781,-0.0012600002135270065,-0.008456868521020686,-0.0018083767875515324,-0.009038855667548312
fashion_esporte,-0.0003682500241517195,-0.0008943900551670031,-0.0006421987710181238,-0.0006479233513915121,-0.00021558296349749733,-0.00027859888256150035,-0.00047774772620461184,-0.000880789848509563,-0.0007870553131531381,-0.0024175963407285297,-0.0006686934196622553,-0.004243328682577492,-0.0028677723026569414,-0.0038780842548893223,-0.0007635464672315138,-0.00021788554969414282,-0.0008989684539586205,-0.00016234406867084668,-0.00036856156782874154,-0.0007011135578381655,-0.001491138156027027,-0.001123056274494564,-0.00046981456305509526,-0.0006495484470391367,-0.0006131804542176053,-0.0005519599839650671,-0.0027131729609521813,-0.00032025959630550154,-0.0012374347560824568,-0.000538586018521137,-0.002213229804902905,-0.0011433251062751156,-0.002529966188347801,0.0008625761603149269,-0.0006867927143806228,1.0,0.016582564951703436,-0.00013914992284625905,-0.00045225436393252184,-0.00046331744138482277,-0.0022394828852165226,-0.00025357289202009394,-0.00016045034249946038,-0.0007024333642993389,-0.0020939113151587406,-0.0010368531998165829,-0.00016782436404197784,-0.0003252150876668387,-0.0010448925474427844,-0.0007756798640047756,-0.0014247287977167016,-0.0007254825631676658,-0.0002881937155147802,-0.0006349641638692238,-0.0032667107843049013,-0.0012180851248508062,-0.00032462559286477354,-0.0008458413853360569,-0.00029671335337885525,-0.002158880532032303,-0.00013148371931322864,-0.0005822736814580144,-0.0025311790540596788,-0.0018275012393306205,-0.0004139312277283824,-0.00017898509070681486,-0.0016943717080474454,-6.957274341140609e-05,-0.00047876243279992007,-0.0004178404835771931,-0.002804461455193492,-0.0005996927804362866,-0.0031442900428804536
fashion_roupa_feminina,-0.0004166406278178343,-0.0010119191029442892,-0.0007265881373862406,-0.0007330649672690254,-0.0002439120580245274,-0.0003152087053005889,-0.0005405270862994672,-0.0009965317349372902,-0.0031394540171360017,-0.002735285244126002,-0.0007565643663636348,-0.001026444761418116,-0.0017558875398109265,-0.004387691385518776,-0.0008638817613338783,-0.0002465172199950837,-0.001017099135047002,-0.00018367720368609334,-0.00041699311049176406,-0.0007932447352371207,-0.0016870840373231601,-0.0012706336472293176,-0.0005315514505671774,-0.000734903611740119,-0.0006937566127778212,-0.0006244913487223152,-0.0030697026794050913,-0.0003623439253718526,-0.0014000422534809973,-0.0006093599515912219,-0.002504063530054196,-0.001293565943887387,0.0033215467922525716,-0.0021291641472067765,-0.0007770420337633641,0.016582564951703436,1.0,-0.00015743518645794822,0.0064069271265488024,-0.0005242005621104737,-0.0014477016750979999,-0.0002868941262725072,-0.00018153462877987378,-0.000794737973408239,-0.00387189714480923,-0.0011731028914977895,-0.00018987764782540896,-0.0003679506026197032,-0.0011821986650824305,-0.0008776095704788131,-0.001611948029380912,-0.0008208159966461912,-0.000326064365757555,-0.0007184028527512375,-0.0036959792065386983,-0.0013781499466903719,-0.00036728364411781495,-0.0009569908016504012,-0.0003357035430438138,-0.0024425723863064318,-0.00014876159068469955,-0.0006587884760179227,-0.002863793512660523,-0.0020676475594171625,-0.0004683246579316133,-0.0002025049712729862,-0.003879636577221164,-7.87150837551467e-05,-0.000541675132369231,-0.0004727476170743874,-0.0031729871140520264,-0.0006784965652462699,-0.003557471531807366
fashion_roupa_infanto_juvenil,-0.00022498842613722872,-0.000546442356190895,-0.00039236193152047586,-0.00039585945832029006,-0.00013171396735419598,-0.00017021458248507669,-0.00029188785325138486,-0.0005381330856129705,-0.0016953239100687453,0.003959574564802897,-0.000408549274109885,-0.0025925316476904233,-0.0017521127890785684,-0.002369379540286586,-0.00046650130801969615,-0.0001331207703696815,-0.0005492396044482966,-9.918678644246163e-05,-0.00022517876888527655,-0.00042835689226320366,-0.0009110354511191363,-0.0006861497544884703,-0.00028704095637633643,-0.0003968523373103904,-0.00037463271224577046,-0.0003372290561802334,-0.0016576577713168683,-0.00019566788269491917,-0.0007560311743626454,-0.00032905801140331565,-0.0013522092541125117,-0.0006985333315770287,-0.0023805694886547815,0.011425987264272318,-0.0004196073367461616,-0.00013914992284625905,-0.00015743518645794822,1.0,-0.00027631226308609693,-0.0002830714327289552,-0.0013682490065459838,-0.0001549245407874343,-9.802978320310962e-05,-0.0004291632497894321,-0.002090847571295288,-0.0006334825641884314,-0.00010253506329093962,-0.0001986955218775391,-0.0006383943362209141,-0.00047391440690544145,-0.0008704615583096403,-0.00044324553800938665,-0.00017607670393416245,-0.0003879418289559216,-0.001995850834495726,-0.0007442091980106595,-0.0001983353603051455,-0.0005167807456004207,-0.0001812819172093369,-0.0013190036694203688,-8.033214699468658e-05,-0.00035574970965486437,-0.0015464655921102563,-0.001116542024804983,-0.0002528981109239251,-0.00010935389333081063,-0.002095026910997922,-4.250661511357478e-05,-0.00029250780498227047,-0.00025528653526366257,-0.001713431982577566,-0.000366392195484629,-0.0019210558633261214
fashion_roupa_masculina,-0.0007312400572962804,-0.0017760048670521836,-0.0012752245358208293,-0.0012865919280969612,-0.00042808659400131016,-0.0005532183285425084,-0.0009486714236822218,-0.0017489987156789819,-0.0055100112233252545,-0.0048006603415325045,-0.0013278353901913346,-0.008426046722257741,-0.005694582064829667,-0.006855310619198591,-0.0015161866281825595,-0.0004326588768307487,-0.0017850962679350955,-0.0003223692553721833,-0.0007318586946385384,-0.0013922125854187455,-0.0029609772685327213,-0.002230071094767967,-0.0009329184126964158,-0.0012898189069334794,-0.0012176023925807,-0.001096035909921816,-0.005387591639651809,-0.0006359446848417026,-0.0024571943043928297,-0.0010694790094028666,-0.004394846390234661,-0.0022703192434182463,-0.005491613708726499,-0.00373686580003262,-0.0013637754538406714,-0.00045225436393252184,0.0064069271265488024,-0.00027631226308609693,1.0,-0.000920016972612649,-0.0044469775584456426,-0.0005035238124333713,-0.0003186088525392026,-0.00139483334655652,-0.006249801829545925,-0.0020588962485154467,-0.0003332515669495357,-0.000645784884568345,-0.0020748601117422188,-0.0015402801113319725,-0.0012503031210556105,-0.001440602515316104,-0.0005722709442610265,-0.0012608586588374994,-0.00600528288928258,-0.0024187714272102144,-0.0006446143151601602,-0.001679600984416718,-0.0005891885276182047,-0.004286924155879242,-0.0002610893581490159,-0.001156230311653837,-0.005026203381198241,-0.00362889890920031,-0.0008219499655921586,-0.00035541360325806075,-0.006809095137635743,-0.00013815172720112092,-0.0009506863430582774,-0.000829712638459489,-0.0055688646861729784,-0.0011908196995683302,-0.005692713436246867
fashion_underwear_e_moda_praia,-0.0007491277020273354,-0.001819449620639579,-0.0013064191663959754,-0.0013180646286062169,-0.00043855847779818315,-0.0005667511934627751,-0.0009718778894987712,-0.0017917828429282702,-0.005644797498015098,-0.00391242755456919,-0.0013603169911157917,-0.008066615405993195,-0.00583388332417834,-0.006580910288311702,-0.0015532756900853986,-0.00044324260812564933,-0.0018287634159981074,-0.0003302550743378944,-0.0007497614725189483,-0.0014262689857343091,-0.0030334088987583486,-0.0022846232477445197,-0.0009557395272713954,-0.0013213705460216611,-0.00124738746631244,-0.001122847215967707,-0.004614675405353375,-0.0006515012075971998,-0.0025173023609928536,-0.0010956406787160599,-0.004502353425840431,-0.0023258559493838727,-0.007926410176604295,-0.002665150566880865,-0.0013971362230816799,-0.00046331744138482277,-0.0005242005621104737,-0.0002830714327289552,-0.000920016972612649,1.0,-0.004555759830284779,-0.0005158410466720642,-0.00032640268427137285,-0.0014289538561118617,-0.006961744047307024,-0.0021092611105932944,-0.0003414035897718443,-0.0006615821189684472,-0.0021256154829437258,-0.0015779585496818853,-0.002898312940248299,-0.0014758426334353255,-0.0005862698755814808,-0.0012917018703387433,-0.006645440278439938,-0.002477939580737749,-0.0006603829150106334,-0.00172068749957601,-0.0006036012980299071,-0.004391791190342414,-0.0002674761440410507,-0.0011845140973077966,-0.005149154715075301,-0.002519641599212419,-0.0008420565623581816,-0.0003641077553415368,-0.0032998111380107085,-0.000141531204283236,-0.0009739420979715971,-0.0008500091262647406,-0.0057050906383314705,-0.0012199496132158276,-0.006396400868557825
ferramentas_jardim,-0.0036209702413045335,-0.008794459094303316,-0.00586512788298301,-0.0003855888296074728,-0.0003025539102151421,-0.002739438416439258,-0.004697651557315529,-0.008660729453156357,-0.024336094736427092,-0.021935598166750683,-0.006575203840735191,-0.04094973047933846,-0.02779122469633642,-0.03640751985969195,-0.0075078855515822605,-0.002142449530777885,-0.0036760247778199837,-0.0015963150114207086,-0.0036240336229999897,-0.005954645718183933,-0.013395779069363248,-0.009131637400798835,-0.0046196454587417194,-0.004707608650398477,-0.0055230184143226875,-0.004866239558865629,-0.02640304929836852,-0.002236535220361043,-0.011214506400667939,-0.005295869158298412,-0.02003128595369646,-0.01124221565360402,-0.03593359814669429,-0.017619314459580322,-0.006753172620818095,-0.0022394828852165226,-0.0014477016750979999,-0.0013682490065459838,-0.0044469775584456426,-0.004555759830284779,1.0,-0.0024933600428713094,-0.0015776941678035006,-0.006906965761879784,-0.030737583050225427,-0.01019528672071561,0.00047180848848516605,-0.0031978114792456814,-0.009900195546089681,-0.007627192179580729,-0.013017888021805929,-0.0071336065160261105,-0.0028337835686877057,-0.005381411574324753,-0.02395852446654724,-0.01170012742848818,-0.002666620799705523,-0.007668901391114161,-0.0029175564217745827,-0.020226726792232995,-0.0012928678985044276,-0.005725446122403129,-0.024457336279295895,-0.016511207218537324,-0.004070149515953827,-0.001759944723912763,-0.03271057194698719,-0.0006841026937579346,-0.004707629078413513,-0.004108588886397374,-0.026854950836341783,-0.005896726597335593,-0.027285060894586814
flores,-0.00040999638892865635,-0.000995781857059957,-0.0007150011128943314,-0.0007213746556704052,-0.00024002235098861472,-0.00031018201851552656,-0.0005319072090055327,-0.0009806398740252345,-0.0030893886104551324,-0.0026916651855464165,-0.0007444993058545439,-0.00472437019088247,-0.0031928749796211425,-0.004317720125418341,-0.0008501052920913516,-0.00024258596799855086,-0.0010008792823105093,-0.00018074807210768319,-0.00041034325050147316,-0.0007805947266527006,-0.0016601798215033592,-0.0012503706365453858,-0.0005230747092614411,-0.0007231839789656928,0.007263736987851939,-0.0006145324790679679,-0.003020749609159402,-0.0003565655652228942,-0.001377715541763469,-0.0005996423848981088,-0.00246413080343912,-0.0012729372279718582,-0.004338111567333954,-0.002095210004754422,-0.0007646504124125726,-0.00025357289202009394,-0.0002868941262725072,-0.0001549245407874343,-0.0005035238124333713,-0.0005158410466720642,-0.0024933600428713094,1.0,-0.00017863966520757112,-0.0007820641519009817,-0.0038101513431113977,-0.0011543952203483402,-0.00018684963671070437,-0.00036208283183596367,-0.0011633459420860486,-0.0008636141815311745,-0.0015862420202471688,-0.0008077263044710582,-0.0003208645619105437,-0.000706946360384282,0.003480037788678974,-0.0013561723553092966,-0.0003614265094346421,-0.0009417295067204497,-0.0003303500215986903,-0.0024036202694094778,-0.00014638926431983463,-0.0006482826642466713,-0.0028181241108859952,-0.0020346744324434792,-0.0004608562050318164,-0.00019927559008557454,-0.003817767353479587,-7.745980093889632e-05,-0.000533036946989559,-0.00046520863049358404,-0.003122386949376466,-0.0006676764652272099,-0.0035007399287886654
fraldas_higiene,-0.00025942860257290414,-0.0006300891974184591,-0.00045242286167679135,-0.0004564557735279394,-0.0001518761257043122,-0.00019627023500621524,-0.000336568681229959,-0.0006205079825469339,-0.0019548361684583247,-0.0017031733852708635,-0.00047108808699276254,-0.002989384272043091,-0.002020318023574796,-0.0027320730832903236,-0.00053791114732348,-0.00015349827554849975,-0.0006333146353617708,-0.0001143698360055652,-0.00025964808209895835,-0.0004939277627309402,-0.001050492498818828,-0.0007911823511050882,-0.00033097984404087876,-0.0004576006377920589,-0.0004319797364009191,-0.00038885050352971705,-0.0019114042732782906,-0.00022561980741613984,-0.0008717608920328508,-0.0003794286734185738,-0.0015591991250545137,-0.0008054615482802289,-0.002744975936640909,-0.0013257614415838565,-0.00048383886616016995,-0.00016045034249946038,-0.00018153462877987378,-9.802978320310962e-05,-0.0003186088525392026,-0.00032640268427137285,-0.0015776941678035006,-0.00017863966520757112,1.0,-0.0004948575536974959,-0.002410904742643275,-0.0007304531135368925,-0.00011823065142056481,-0.0002291109034504007,-0.0007361167566692223,-0.0005464590087298764,-0.0010037077441839852,-0.0005110954927624338,-0.00020302970260088518,-0.00044732615047596215,-0.0023013663494912064,-0.0008581292628094852,-0.0002286956100282863,-0.0005958871261490059,-0.0002090317055894641,-0.0015209105846962306,-9.262901649794727e-05,-0.00041020621205281984,-0.0017831913151103238,-0.0012874570580461854,-0.0002916105714269252,-0.00012609327608440908,-0.002415723836128792,-4.901332903361359e-05,-0.00033728353227348686,-0.0002943646045985284,-0.0019757161400501865,-0.0004224777998590086,-0.002215122113806893
industria_comercio_e_negocios,-0.0011357489380328153,-0.0027584588967318434,-0.0019806558706138774,-0.001998311500358172,-0.0006648964176289444,-0.0008592487827671923,-0.0014734594354321915,-0.0027165134269283254,-0.008558050578600866,-0.00745629951525305,-0.002062370105746482,-0.012631577401632484,-0.00884472269829523,-0.011960705458847691,-0.0023549138694410913,-0.0006719980052896593,-0.0027725794974770607,-0.0005006981439134272,-0.0011367097944540376,-0.0021623596104016454,-0.004598936771475018,-0.0034637064153532748,-0.001448992141389092,-0.0020033235859927877,-0.001891158191514992,-0.001702343311637245,-0.00691024459479088,-0.0009877378752022423,-0.0038164701097928356,-0.0016610956102006563,-0.006825996566684307,-0.0035262191177568647,-0.010617601534955891,-0.005804032918615943,-0.002118191567816717,-0.0007024333642993389,-0.000794737973408239,-0.0004291632497894321,-0.00139483334655652,-0.0014289538561118617,-0.006906965761879784,-0.0007820641519009817,-0.0004948575536974959,1.0,-0.010554666964240653,-0.003197840715150696,-0.0005176003550190569,-0.0010030214968775597,-0.0032226355011115812,-0.002392335435214808,-0.004394118432765771,-0.002237517981368925,-0.0008888409636839269,-0.001958343048217286,-0.005673728519831658,-0.003023051548310327,-0.0010012033894736137,-0.0026087261157758043,-0.0009151170506409715,-0.00665837368848403,-0.00040551930695075216,-0.0017958361764775538,-0.007806608918061573,-0.005636340680776954,-0.0012766379401985756,-0.000552022032210965,-0.010575764407830944,-0.0002145747841498551,-0.0014765889720579964,-0.0012886947844282966,-0.008649460721223615,-0.0018495597932285204,-0.007866095880558657
informatica_acessorios,-0.0055332741325176535,-0.01314148083379698,-0.00926079700324607,-0.009735607019625638,-0.003239319910650581,-0.00418618842938832,-0.007178571519082855,-0.012829084957382813,-0.040696294048738424,-0.03526766914207604,-0.009441493935384255,-0.061601237755564815,-0.04250362884511802,-0.05597595751210001,-0.011472944029914577,-0.0032739182536355507,-0.011275001952312442,-0.0024393596112134265,-0.0055379553448900885,-0.010128646392936702,-0.02174847143382811,-0.01646165291626812,-0.007059368902476636,-0.009760025482952567,-0.009213565032897037,-0.007323094065571498,-0.0392199387111279,-0.004022969620282399,-0.017494510277436887,-0.008092719318304454,-0.02930848428344622,-0.016894081778907603,-0.057022496721349014,-0.025980677883158634,-0.009881099581038,-0.0020939113151587406,-0.00387189714480923,-0.002090847571295288,-0.006249801829545925,-0.006961744047307024,-0.030737583050225427,-0.0038101513431113977,-0.002410904742643275,-0.010554666964240653,1.0,-0.014568965345183604,-0.0006865111519825669,-0.004886637105419416,-0.015700411472732413,-0.011655258778324368,0.010314275633267395,-0.010518673147519753,-0.00433035906755324,-0.008795276931816894,-0.04738564693717203,-0.018182914117839757,-0.0048777794377328565,-0.012709496132347195,0.005924418846112644,-0.030562685033754332,-0.0019756562531096224,-0.008749164123150483,-0.038033147769268236,-0.02667145407825462,-0.0062196736043854855,-0.0026894053158468384,-0.05084698213153596,-0.0010453904581090162,0.0003076039075618145,-0.005438105805133735,-0.03891746087919458,-0.007462203518523987,-0.04552532675670271
instrumentos_musicais,-0.0016764649580138192,-0.0040717270548386595,-0.0029236216295476947,-0.002949682886209943,-0.0009814453771751037,-0.0012683264991823536,-0.0021749552456860814,-0.004009811865734528,-0.011876219593442535,-0.011006151478713642,-0.00304423900120734,-0.01931783129699234,-0.009451392437193113,-0.01726360203554827,-0.003476059231978517,0.0032019958080437855,-0.004092570298924301,-0.0007390743365054847,-0.0016778832662912582,-0.00319183227214079,-0.00678843367870823,-0.005112734193038482,-0.0021388393756138963,-0.002957081163814833,-0.0027915152125320038,-0.00251280790401815,-0.012351769438562097,-0.0014579876590927732,-0.005633444318650955,-0.002451922682168966,-0.00961157668329085,-0.0052050084197630235,-0.017478511129382715,-0.006479101598936697,-0.003126636370847729,-0.0010368531998165829,-0.0011731028914977895,-0.0006334825641884314,-0.0020588962485154467,-0.0021092611105932944,-0.01019528672071561,-0.0011543952203483402,-0.0007304531135368925,-0.003197840715150696,-0.014568965345183604,1.0,-0.0007640234812351617,-0.0014805476239866048,-0.004756892398616403,-0.0035312967423056702,-0.005755122534513611,-0.0019988774014504333,-0.0013120071513729912,-0.0028906859484216906,-0.014425915045702698,-0.005545354769206819,-0.0014778639381379463,-0.003850708349090471,-0.0013507929582904173,-0.009828343036304274,-0.0005985820326440512,-0.0026508115652856107,-0.011523238854809376,-0.008319732756357872,-0.001884429471288654,0.006305157256096389,-0.01495083048764588,-0.00031673118455534746,-0.0021795747159865657,-0.001902226429910902,-0.012412900312274563,-0.0027301123314009343,-0.014059347657321898
la_cuisine,-0.0002713514945675023,-0.0006590470122980795,-0.00047321543760005014,-0.0004774336951376232,-0.0001588560910025542,-0.00020529047714808716,-0.00035203679845093657,-0.0006490254612841354,-0.0020446770737113213,0.0014970352871363597,0.007015459912999404,-0.003126771227268672,-0.0021131683621686366,-0.0028576344592155804,-0.0005626326176957695,-0.0001605527920612206,-0.0006624206858170067,-0.00011962607679247429,-0.0002715810609947663,-0.0005166278324602139,-0.001098771325749769,-0.0008275437300228487,-0.00034619110792524565,-0.0004786311753925551,-0.0004518327814772384,-0.0004067214033057954,-0.001999249123392333,-0.00023598890538369775,-0.0009118255219839749,-0.00039686656210146705,-0.0016308572328411367,-0.0008424791745200067,-0.0009832297270327831,-0.0013866911552771072,-0.0005060752675700448,-0.00016782436404197784,-0.00018987764782540896,-0.00010253506329093962,-0.0003332515669495357,-0.0003414035897718443,0.00047180848848516605,-0.00018684963671070437,-0.00011823065142056481,-0.0005176003550190569,-0.0006865111519825669,-0.0007640234812351617,1.0,-0.00023964044618213342,-0.0007699474156564749,-0.0005715733240981432,-0.001049836424327056,-0.0005345845618114796,-0.00021236059823767593,-0.0004678844903258811,-0.002407133185348395,-0.0008975674065469737,-0.00023920606658922524,-0.0006232730727084324,-0.00021863844295178344,0.005559929184066423,-9.68860866448707e-05,-0.0004290585834309736,-0.001865143718372405,-0.0013466263682091013,-0.00030501249131210587,-0.00013188830599664798,-0.002526746345217242,-5.12658972645947e-05,-0.0003527845028178783,-0.0003078930951074918,-0.0020665166528548323,-0.00044189415228846344,-0.002316925313052613
livros_importados,-0.0005258330671953388,-0.0012771210730015002,-0.0009170110722773566,-0.0009251853382888117,-0.00030783609910706107,-0.00039781804569318934,-0.0006821874697617544,-0.0012577010107824897,-0.003962236577348669,-0.0034521439666266433,-0.0009548434183658543,-0.006059151092841275,-0.004094961050980467,-0.005537609789131252,-0.0010902863665396246,-0.0003111240173225622,-0.0012836586787626364,-0.00023181500060130087,-0.000526277927905466,-0.00100113691348566,-0.002129232040111518,-0.0016036390678066384,-0.0006708595152800809,-0.0009275058514533357,-0.0008755751197252573,-0.0007881569376838988,-0.0038742049323020715,-0.000457306380935035,-0.0017669628528710084,-0.0007690599307355629,-0.003160324074386839,-0.0016325814202428316,-0.005563762444951046,-0.0026871717238712203,-0.0009806878366459516,-0.0003252150876668387,-0.0003679506026197032,-0.0001986955218775391,-0.000645784884568345,-0.0006615821189684472,-0.0031978114792456814,-0.00036208283183596367,-0.0002291109034504007,-0.0010030214968775597,-0.004886637105419416,-0.0014805476239866048,-0.00023964044618213342,1.0,-0.0014920272018366784,-0.0011076119356430594,-0.002034404520001411,-0.0010359340023560215,-0.000411518738456665,-0.0009066806027116887,-0.004664614904800262,-0.0017393330490086544,-0.0004635406924396062,-0.0012077972595835242,-0.0004236841342900557,-0.0030827174403636718,-0.00018774876545354908,-0.0008314425954851995,-0.0020732952799364917,-0.0026095329774766963,-0.0005910623565761593,-0.00025557711624160987,-0.0048964048745994285,-9.934459378647714e-05,-0.0006836363937164668,-0.0005966444770340457,-0.004004557969038702,-0.0008563157459068855,-0.00448980738347054
livros_interesse_geral,-0.001689463601006892,-0.004103297608161605,-0.0029462902297039445,-0.0029725535549926466,-0.0009890551145657343,-0.001278160598775488,-0.002191818984250595,-0.004040902353288751,-0.012730379456189553,-0.010513444439885727,-0.0030678428205255085,-0.018167331003031223,-0.012643957016042973,-0.017791939607786668,-0.0035030112137441867,-0.0009996189579120733,-0.0041243024624779455,-0.0007448048251743118,-0.001690892906282971,-0.0032165804710225236,-0.006841068495469446,-0.0051523763019746625,-0.002155423086075671,-0.002980009195901694,-0.0028131595120349353,-0.002532291217819761,-0.011927525718569004,-0.0014692923159412624,-0.005677123806951289,-0.0024709339161585035,-0.010153892602343551,-0.005245365986380225,-0.01787596619879744,-0.007296587841602241,-0.003150879066622193,-0.0010448925474427844,-0.0011821986650824305,-0.0006383943362209141,-0.0020748601117422188,-0.0021256154829437258,-0.009900195546089681,-0.0011633459420860486,-0.0007361167566692223,-0.0032226355011115812,-0.015700411472732413,-0.004756892398616403,-0.0007699474156564749,-0.0014920272018366784,1.0,-0.003558677013772908,-0.006536394534103086,1.1285053395914792e-05,-0.0013221799333828265,-0.0029130991783964284,-0.01441609837221224,-0.005588351246150944,-0.0014893227077545353,-0.0038805652112103334,-0.0013612664700321387,-0.009904548102047855,-0.0006032231998257383,-0.0026713649046287897,-0.011612585469113005,-0.00838424065757027,-0.0018990405884646087,-0.0008211507835434529,-0.015309228528716542,-0.0003191869922792874,-0.002196474272087806,-0.0019169755376307635,-0.012866355025747662,-0.0027512805373673824,-0.013772063988051544
livros_tecnicos,-0.001254179579974269,-0.0030460982217353095,-0.0021871894964592426,-0.0022066861735464023,-0.0007342287382919492,-0.0009488472684208942,-0.0016271049647999605,-0.0029997788725037943,-0.00945044447821274,-0.008233807913921592,-0.002277424513780967,-0.013441897230632214,-0.009767009439560232,-0.013207912458677886,-0.002600473386985366,-0.0007420708466410921,-0.0030616912533627466,-0.000552908628657761,-0.001255240630055352,-0.0023878404611359077,-0.005078492609790263,-0.0038248856870482717,-0.001600086334591758,-0.00221222089627031,0.0008826357140922711,-0.0018798557921253687,-0.009240477668407783,-0.001090734608646437,-0.0004861772268559246,-0.0018343069713161976,-0.007537779891512123,-0.0038939169246907756,-0.013270289910644313,-0.006409250604834259,-0.0023390667795215123,-0.0007756798640047756,-0.0008776095704788131,-0.00047391440690544145,-0.0015402801113319725,-0.0015779585496818853,-0.007627192179580729,-0.0008636141815311745,-0.0005464590087298764,-0.002392335435214808,-0.011655258778324368,-0.0035312967423056702,-0.0005715733240981432,-0.0011076119356430594,-0.003558677013772908,1.0,-0.004852316762812801,-0.0024708359991238876,-0.0009815251849831191,-0.002162549996227913,-0.01068222088750274,-0.004148533306351922,-0.00110560424441493,-0.0028807519994855394,0.01660057233372007,-0.007352678075489764,-0.0004478049831539965,-0.00198309766013819,-0.008620645959692705,-0.006224072196671105,-0.001409759835118781,-0.0006095843344516486,-0.011678556165673492,-0.0002369496493866517,-0.0016305608350186613,-0.001423073911254345,-0.009551386447375772,-0.0020424233269603453,-0.010708768789306345
malas_acessorios,-0.0023036124154005044,-0.0047342105378168015,-0.0017676663096378373,-0.0040531274368048225,-0.001348593506288707,-0.0017427937615585106,-0.0029885825426609136,-0.005509839232351076,-0.016716578821800804,-0.014740529523854701,-0.004183055974480905,-0.02374511631228564,-0.017939539572766828,-0.024093576618760795,-0.004776415495698765,-0.0013629974867429184,-0.004188071746806441,-0.0010155540736711747,-0.0023055612975057477,-0.00438586229603663,-0.009327913493594488,-0.007025352905484911,-0.0029389561151632474,-0.004063293330259215,-0.0038357909424999825,-0.0020488194405944233,-0.016283503787615578,-0.002003405115586777,-0.006945960469818418,-0.0033691605095869785,-0.013451221964081035,-0.00632655449175921,-0.022830727289140818,-0.010000753835418225,-0.003027490743686965,-0.0014247287977167016,-0.001611948029380912,-0.0008704615583096403,-0.0012503031210556105,-0.002898312940248299,-0.013017888021805929,-0.0015862420202471688,-0.0010037077441839852,-0.004394118432765771,0.010314275633267395,-0.005755122534513611,-0.001049836424327056,-0.002034404520001411,-0.006536394534103086,-0.004852316762812801,1.0,-0.004538304222842582,-0.0018028148745666494,-0.0028934951731562717,-0.02024601588501389,-0.0076198121726801455,-0.0020307168962246896,-0.005291216806321133,-0.001856110033483788,-0.008494075692827932,-0.000822505114373591,-0.0036424515785368765,-0.014034439654892414,-0.010975909758892418,-0.002589374209855375,-0.001119653089157511,-0.020890742964845135,-0.0004352169042355748,-0.0029949301069722377,-0.002613828818728897,-0.016641403715428545,-0.0037514179058680376,-0.017288935863314682
market_place,-0.0011730166768215758,-0.0028489732015930945,-0.002045647844759431,-0.0020638828150388246,-0.0006867139031523746,-0.0008874436224174056,-0.0015218085903524778,-0.0028056513599879194,-0.008838868973251288,-0.0077009657556164285,-0.0021300433985077184,-0.012748420295279344,-0.00913494776841512,-0.008799149912128608,-0.002432186506040131,-0.000694048517765662,-0.002863557146694148,-0.000517127732367805,-0.0011740090621704714,-0.0022333138947766245,-0.0047498433394373455,-0.0035773622609417363,-0.0014965384421813822,-0.0020690593640437676,-0.0019532134460958648,-0.0017582029155888044,-0.008642489943156388,-0.0010201488737003337,-0.0039417013174866365,-0.0017156017384752152,-0.00704998044947857,-0.0036419262151547956,-0.011231592592207297,-0.004414582156870878,-0.002187696550309283,-0.0007254825631676658,-0.0008208159966461912,-0.00044324553800938665,-0.001440602515316104,-0.0014758426334353255,-0.0071336065160261105,-0.0008077263044710582,-0.0005110954927624338,-0.002237517981368925,-0.010518673147519753,-0.0019988774014504333,-0.0005345845618114796,-0.0010359340023560215,1.1285053395914792e-05,-0.0024708359991238876,-0.004538304222842582,1.0,-0.0009180068222201314,-0.0020226028636885804,-0.008719086612600622,-0.0032614855504638127,-0.0010340562367392647,-0.0026943271849896658,-0.0009451451158782466,-0.006876857301429464,-0.0004188257579622061,-0.0018547635954618532,-0.006778806338108635,-0.00582128795669477,-0.001318528720537388,-0.0005701357298893612,-0.01042349217826875,-0.00022161570379200673,-0.0015250408175902697,-0.0013309811903374107,-0.008933278589792731,-0.0019102500645904364,-0.008857755543095085
moveis_colchao_e_estofado,-0.00046597403110276465,-0.0011317379824873953,-0.0008126216713492022,-0.0008198654069038739,-0.00027279309151279486,-0.0003525318013677086,-0.0006045295837863229,-0.0011145286336635917,-0.0035111891307591,-0.0008621203159532074,-0.0008461473126843333,-0.0053693980769434916,-0.0036288047047169708,-0.0030018491750500383,-0.0009661718993494349,-0.00027570672437537513,-0.0011375313695912341,-0.00020542597459005278,-0.0004663682503927113,-0.000887170914813164,-0.0018868475544451852,-0.001421086286652581,-0.0005944911648597035,-0.0008219217607944102,-0.0007759026457727399,-0.0006984358502843052,-0.0034331787067936378,-0.0004052481881938318,-0.0015658178511913322,-0.0006815127812251908,-0.0028005636016536378,0.0032903746392515328,-0.003665244848128006,-0.0023812732948049545,-0.0008690496908700673,-0.0002881937155147802,-0.000326064365757555,-0.00017607670393416245,-0.0005722709442610265,-0.0005862698755814808,-0.0028337835686877057,-0.0003208645619105437,-0.00020302970260088518,-0.0008888409636839269,-0.00433035906755324,-0.0013120071513729912,-0.00021236059823767593,-0.000411518738456665,-0.0013221799333828265,-0.0009815251849831191,-0.0018028148745666494,-0.0009180068222201314,1.0,-0.0008034671870708093,-0.004133611114122643,-0.0015413333296054234,-0.0004107728070209122,-0.001070305754647314,-0.0003754533829955687,-0.002731791441148434,-0.00016637608878343862,-0.000736794016997148,-0.003202888336477406,-0.0023124726774908563,-0.0005237778415038064,-0.0002264830923394228,-0.004339014907331323,-8.803554535256319e-05,-0.0006058135671986581,-0.0005287245124800776,-0.00354869280011349,-0.0007588356931321952,-0.003978703082538481
moveis_cozinha_area_de_servico_jantar_e_jardim,-0.001026659483241808,-0.002493507051274637,-0.001790412532655669,-0.0018063723272041111,-0.0006010326663519458,-0.0007767173551752361,-0.0013319326586197144,-0.002455590472257266,-0.007178146714175799,-0.00674011689633175,-0.0018642780601551608,-0.011830151654478364,-0.007404292382366104,-0.008212753705542595,-0.0021287227971940304,-0.0006074521417076398,-0.0025062713587537945,-0.00045260574804555683,-0.0010275280487529641,-0.001954663505160825,-0.004157205779511687,-0.0020912986055961883,-0.0013098154647422475,-0.00181090299861861,-0.0017095111662549537,-0.0015388320834821233,-0.007564167188999861,-0.000892864983250547,-0.003449895570683371,-0.0015015462517073697,-0.006170354972905112,-0.0031875233830322355,-0.010862933187295547,-0.0052465516254549035,-0.001914737832983131,-0.0006349641638692238,-0.0007184028527512375,-0.0003879418289559216,-0.0012608586588374994,-0.0012917018703387433,-0.005381411574324753,-0.000706946360384282,-0.00044732615047596215,-0.001958343048217286,-0.008795276931816894,-0.0028906859484216906,-0.0004678844903258811,-0.0009066806027116887,-0.0029130991783964284,-0.002162549996227913,-0.0028934951731562717,-0.0020226028636885804,-0.0008034671870708093,1.0,-0.005818166579483674,-0.0033959499329418758,-0.0009050371257553552,-0.0023581562053499963,-0.0008272194380776831,-0.006018832385694382,-0.0003665689028419855,-0.0016233448953277263,-0.007056778843720392,-0.005094966340645774,-0.0011540160013192064,-0.000498999942108187,-0.009073094731160634,-0.00019396473079127594,-0.0013347616011328573,-0.0011649147774940418,-0.007818674160287963,-0.0016719083223003175,-0.008013323684010313
moveis_decoracao,-0.0034772191502545234,-0.012303419687952179,-0.009211165387887474,-0.0038127476812212587,0.0010677865170438513,-0.0039959908052863025,-0.005425003149954314,-0.012275509357156954,-0.037843381599447105,-0.03082251817769449,-0.009056333535612046,-0.058236050671807024,-0.03968249710867801,-0.011166462456261588,-0.0072295194046971935,-0.0031251692224227206,-0.0012931326443618382,-0.0023285283836637803,-0.005286340787459652,-0.008981052195077029,-0.021194374888706423,-0.01209762417335572,-0.006738629591392335,0.0006143581575063304,-0.008794950771182334,-0.007916855231188876,-0.034923628211493814,-0.004593537455624895,-0.01702149377668329,-0.007104573054105969,-0.030303652378064563,-0.015391803570186718,-0.05360046548178731,-0.025101248932755713,-0.009850783845828071,-0.0032667107843049013,-0.0036959792065386983,-0.001995850834495726,-0.00600528288928258,-0.006645440278439938,-0.02395852446654724,0.003480037788678974,-0.0023013663494912064,-0.005673728519831658,-0.04738564693717203,-0.014425915045702698,-0.002407133185348395,-0.004664614904800262,-0.01441609837221224,-0.01068222088750274,-0.02024601588501389,-0.008719086612600622,-0.004133611114122643,-0.005818166579483674,1.0,-0.016202121650520544,-0.0034534646896862893,-0.006196949693867054,-0.0042558097182814,-0.029054993161478148,-0.0018858931830228395,-0.007125941094383279,-0.03334167483225778,-0.024681973865348407,-0.005937085478648234,-0.002567213372041728,-0.046366267191941424,-0.0009978936039312836,-0.006866970397710426,-0.005251756277567085,-0.039949759255209036,-0.008601494789164929,-0.021473395413871853
moveis_escritorio,-0.001969494840785166,-0.004783425617849227,-0.003434642453024332,-0.003465258965642412,-0.001152992549959889,-0.0014900177212950243,-0.0025551164161475674,-0.0047106882516884906,-0.014302328255106573,-0.012929920455901925,-0.003576342576284928,-0.022092298861527925,-0.014767621965021169,-0.0187910664117002,-0.004083640812722904,-0.0011653073668976923,-0.004406526222172122,-0.0008682573922861832,-0.000541957667010476,-0.0030925477708729156,-0.007974986320661126,-0.006006390749392354,-0.00251268784080655,-0.003473950390717403,-0.003279445110244663,-0.0029520224560559798,-0.01451073943867968,-0.0017128298201434568,-0.006618115975760108,-0.00231160661548831,-0.011836916215468282,-0.0056530950034485335,-0.01911262869606526,-0.009321754194360455,-0.003673142210315623,-0.0012180851248508062,-0.0013781499466903719,-0.0007442091980106595,-0.0024187714272102144,-0.002477939580737749,-0.01170012742848818,-0.0013561723553092966,-0.0008581292628094852,-0.003023051548310327,-0.018182914117839757,-0.005545354769206819,-0.0008975674065469737,-0.0017393330490086544,-0.005588351246150944,-0.004148533306351922,-0.0076198121726801455,-0.0032614855504638127,-0.0015413333296054234,-0.0033959499329418758,-0.016202121650520544,1.0,-0.0017361802807936224,-0.0013493877817079797,-0.0015868985209650307,-0.011312718356735954,-0.000703208390633943,-0.0031141478244249487,-0.013537389711127185,-0.009773941687257561,-0.0022138095423857875,-0.0009572578129127233,-0.018026289986941533,-0.0003720927365141941,-0.002560543325240056,-0.0022347172374859014,-0.014830813681265058,-0.003207309598542541,-0.016453411975557115
moveis_quarto,-0.0005248799261154099,-0.001274806124333072,-0.0009153488699963243,-0.0009235083190835251,-0.00030727810599053077,-0.00039709694855164564,-0.000680950915915682,-0.001255421263512082,-0.001915124278508109,-0.002634158126512413,-0.000953112640018656,-0.006048168090484922,-0.004087538399493018,-0.004823603599376038,-0.0010883100801672859,-0.00031056006442504145,-0.0012813318798303322,-0.00023139480565009105,-0.0005253239804574373,0.0014919152793401445,-0.002125372529075195,-0.0003335044033562676,-0.0006696434948303184,-0.0009258246260149972,-0.0008739880255175571,-0.0007867283003432684,-0.0031369435454601338,-0.0004564774534198747,-7.86439992783179e-05,-0.0007676659092130739,-0.0031545955744330034,-0.0016296221532910104,-0.005553677399190301,0.0029506357099043992,-0.000978910211916725,-0.00032462559286477354,-0.00036728364411781495,-0.0001983353603051455,-0.0006446143151601602,-0.0006603829150106334,-0.002666620799705523,-0.0003614265094346421,-0.0002286956100282863,-0.0010012033894736137,-0.0048777794377328565,-0.0014778639381379463,-0.00023920606658922524,-0.0004635406924396062,-0.0014893227077545353,-0.00110560424441493,-0.0020307168962246896,-0.0010340562367392647,-0.0004107728070209122,-0.0009050371257553552,-0.0034534646896862893,-0.0017361802807936224,1.0,-0.0012056079693769167,-0.0004229161514862051,-0.001306659525722078,-0.00018740844630623366,-0.0008299354972390124,-0.003607780007455897,0.00029617687411183716,-0.0005899909788937964,-0.00025511384935374116,-0.00488752950155604,-9.916451874115892e-05,-0.0006823972135065605,-0.0005955629810296241,-0.0039972991849391275,-0.0008547635618284697,-0.0035641741836155
moveis_sala,-0.0013676221887579114,-0.0033216228231579396,-0.002385024388961289,-0.002406284572604209,-0.0008006409370278623,-0.0010346720667078462,-0.001774279288891155,-0.0032711138124952898,-0.01030525274721305,-0.006975698366787448,-0.0024834213122270792,-0.01575904977563551,-0.009317700572476965,-0.011579992875984529,-0.0017716507733773399,-0.0008091923769940024,-0.002400046542398853,-0.0006029201248226154,-0.0013687792125665083,-0.0026038245638876673,-0.003880356142223023,0.0005193132491100578,-0.0017448167790779171,-0.002412319920114805,-0.0022772549623924507,-0.0020498918448572418,-0.009625843441235538,-0.0011893933505612126,-0.00459563643874014,-0.0020002230581818423,-0.007189695993766814,-0.00424612812424862,-0.013893937184393095,-0.006988977878798746,-0.00255063922243554,-0.0008458413853360569,-0.0009569908016504012,-0.0005167807456004207,-0.001679600984416718,-0.00172068749957601,-0.007668901391114161,-0.0009417295067204497,-0.0005958871261490059,-0.0026087261157758043,-0.012709496132347195,-0.003850708349090471,-0.0006232730727084324,-0.0012077972595835242,-0.0038805652112103334,-0.0028807519994855394,-0.005291216806321133,-0.0026943271849896658,-0.001070305754647314,-0.0023581562053499963,-0.006196949693867054,-0.0013493877817079797,-0.0012056079693769167,1.0,-0.0011019463385411711,-0.008017739918106434,-0.0004883096814655002,-0.002162472109882741,-0.009400397585921262,-0.006787049778607667,-0.0015372749342384394,-0.0006647222415568307,-0.012734900806755541,-0.00025838213545641907,-0.001778047748263353,-0.0015517932904902333,-0.010022108839686671,-0.0022271638809850504,-0.008564613441720232
musica,-0.0004797492447362977,-0.0011651946376770674,-0.0008366445489752044,-0.0008441024252289642,-0.0002808574531778584,-0.0003629534140592285,-0.0006224008032290546,-0.0011474765427843538,-0.0036149875769289014,-0.0008310566615328629,-0.0008711612817462536,-0.00552812925219451,-0.00373608012503072,-0.005052295642322423,-0.0009947340582507852,-0.000283857219413662,-0.0011711592900010585,-0.000211498816630541,-0.0004801551180124687,-0.0009133976314653489,-0.0019426269035537377,-0.0014630967118773421,-0.0006120656266377822,-0.0008462195694473968,-0.0007988400285257072,-0.0007190831447788506,-0.003534670993855789,-0.0004172282128182993,-0.0016121068586717026,-0.000701659792708095,-0.0028833543997068877,-0.0014895025668689563,-0.005076156288714097,0.0029114566118492347,-0.0008947407044262703,-0.00029671335337885525,-0.0003357035430438138,-0.0001812819172093369,-0.0005891885276182047,-0.0006036012980299071,-0.0029175564217745827,-0.0003303500215986903,-0.0002090317055894641,-0.0009151170506409715,0.005924418846112644,-0.0013507929582904173,-0.00021863844295178344,-0.0004236841342900557,-0.0013612664700321387,0.01660057233372007,-0.001856110033483788,-0.0009451451158782466,-0.0003754533829955687,-0.0008272194380776831,-0.0042558097182814,-0.0015868985209650307,-0.0004229161514862051,-0.0011019463385411711,1.0,-0.0028125491834093846,-0.0001712945306139417,-0.0007585752629692046,-0.0011183032481821066,-0.00238083443807816,-0.0005392618624612607,-0.0002331784289314119,-0.004467285697800304,-9.063806902047236e-05,-0.0006237227440051544,-0.0005443547678732029,-0.003653599936946153,-0.0007812685393595139,-0.004096322265772096
papelaria,-0.003490646082908033,-0.008477933300486065,-0.005329953181372156,-0.005133197120634794,-0.0020435133135638483,-0.002640841912654457,-0.004528576020968013,-0.008349016790012218,-0.025654589876865162,-0.02240072771723878,-0.005157536882474092,-0.0370324745089525,-0.02420964550523649,-0.035530508715874674,-0.007237665472254978,-0.002065339553783142,-0.005621370044091738,-0.0015388612361794856,-0.0034935992088945215,-0.006645863228329816,-0.014134515199015913,-0.010645462941869811,-0.004453377479062372,-0.006157076968396894,-0.0058123443591373255,-0.005232034839340211,-0.025486234597675513,-0.0030357442825229893,-0.011729657843535784,-0.0051052628718505945,-0.02097922998608335,-0.010837591424204308,-0.03559769032572703,-0.016645417922840227,-0.005655716320884891,-0.002158880532032303,-0.0024425723863064318,-0.0013190036694203688,-0.004286924155879242,-0.004391791190342414,-0.020226726792232995,-0.0024036202694094778,-0.0015209105846962306,-0.00665837368848403,-0.030562685033754332,-0.009828343036304274,0.005559929184066423,-0.0030827174403636718,-0.009904548102047855,-0.007352678075489764,-0.008494075692827932,-0.006876857301429464,-0.002731791441148434,-0.006018832385694382,-0.029054993161478148,-0.011312718356735954,-0.001306659525722078,-0.008017739918106434,-0.0028125491834093846,1.0,-0.0012463356406945255,-0.00551937871570781,-0.02084241055882574,-0.017322904614260084,-0.003923658720706844,-0.0016966016695148477,-0.030618948189446268,-0.0006594808101523327,-0.004538194436093338,-0.00396071460046455,-0.02617854348665466,-0.005684494549050482,-0.02266437158588601
pc_gamer,-0.00021259311155807388,-0.0005163371413553926,-0.0003707454881612315,-0.0003740503252939554,-0.00012445743381665287,-0.00016083692990051575,-0.00027580684044107277,-0.0005084856544266523,-0.0016019232247995272,-0.0013956939439469756,-0.0003860410195270998,-0.0024497009879926625,-0.0016555834272280032,-0.0022388430266378732,-0.00044080029502197135,-0.0001257867316634209,-0.0005189802804761652,-9.372227681786528e-05,-0.00021277296773007664,-0.0004047573741772711,-0.0008608436647981084,-0.0006483476230574576,-0.00027122697424191567,-0.00037498850348173366,-0.0003539930269088228,-0.00031865005499180795,0.0021307932669952126,-0.00018488792836268418,-0.0007143790574126076,-0.0003109291785732766,-0.0012777118260921688,-0.0006600489502353816,-0.002249416485826904,-0.0010864174083149653,-0.0003964898589808054,-0.00013148371931322864,-0.00014876159068469955,-8.033214699468658e-05,-0.0002610893581490159,-0.0002674761440410507,-0.0012928678985044276,-0.00014638926431983463,-9.262901649794727e-05,-0.00040551930695075216,-0.0019756562531096224,-0.0005985820326440512,-9.68860866448707e-05,-0.00018774876545354908,-0.0006032231998257383,-0.0004478049831539965,-0.000822505114373591,-0.0004188257579622061,-0.00016637608878343862,-0.0003665689028419855,-0.0018858931830228395,-0.000703208390633943,-0.00018740844630623366,-0.0004883096814655002,-0.0001712945306139417,-0.0012463356406945255,1.0,-0.0003361503478640233,-0.001461265976160457,0.003840760596630841,-0.00023896516470444515,-0.00010332924605644886,-0.001979605339944399,-4.016479302488415e-05,-0.0002763926370962426,-0.00024122200329309087,-0.0016190336670789708,-0.00034620650593450636,-0.0018152189002481548
pcs,-0.0009414654100607352,-0.0022865912961763167,-0.0016418408408520988,-0.0016564762625905537,-0.0005511578813845624,-0.0007122639348562921,-0.0012214064615281184,-0.0022518211039213192,-0.0070940930055001785,-0.00618080972439384,-0.0017095768723910786,-0.010848464130770556,-0.007331726408167938,-0.008838524276289277,-0.0019520775036700503,-0.0005570446569871466,-0.0022982963981805727,-0.00041504769900340685,-0.0009422619004243144,-0.0017924619686033965,-0.0038122332748110367,-0.002871197736982861,-0.0012011245926678716,-0.0016606309706419502,-0.0015676528171342083,-0.001411136995409081,-0.006936478823409747,-0.0008187734212813358,-0.003163616954926697,-0.0013769452098421615,-0.005658327682751243,-0.002923016889113742,-0.009961507213030468,-0.0048111832190617584,-0.0017558494013965454,-0.0005822736814580144,-0.0006587884760179227,-0.00035574970965486437,-0.001156230311653837,-0.0011845140973077966,-0.005725446122403129,-0.0006482826642466713,-0.00041020621205281984,-0.0017958361764775538,-0.008749164123150483,-0.0026508115652856107,-0.0004290585834309736,-0.0008314425954851995,-0.0026713649046287897,-0.00198309766013819,-0.0036424515785368765,-0.0018547635954618532,-0.000736794016997148,-0.0016233448953277263,-0.007125941094383279,-0.0031141478244249487,-0.0008299354972390124,-0.002162472109882741,-0.0007585752629692046,-0.00551937871570781,-0.0003361503478640233,1.0,-0.006471194486834724,-0.004672176757180705,-0.0010582536523872118,-0.0004575920183717919,-0.008766652595044165,-0.00017786918427432615,-0.0012240006532407872,-0.001068248028271409,-0.00716986634283395,-0.0015331703256352789,-0.008038669709226358
perfumaria,-0.004092607311565688,-0.007442223703571142,-0.007137181842150822,-0.006331615643087086,-0.002395916781516179,-0.003096254579729404,-0.005309528062769002,-0.00910784161574234,-0.03009379970965722,-0.026868355224881776,-0.007431634484776286,-0.042909738745528316,-0.030491254770052535,-0.04194333745280444,-0.008485799455709963,-0.002421506952557323,-0.009990834015592856,-0.0018042375529020364,-0.004096069703546211,-0.007109892528475141,-0.015100713908366108,-0.012134330555381106,-0.005221361547140559,-0.0072188636774487315,-0.005344110813478952,-0.006134298215650428,-0.029553522482164005,-0.003559257785408775,-0.013291085657500144,-0.005985664447366226,-0.023454352345053373,-0.012706531928183457,-0.04048787980912038,-0.019115295951270005,-0.003950824890011337,-0.0025311790540596788,-0.002863793512660523,-0.0015464655921102563,-0.005026203381198241,-0.005149154715075301,-0.024457336279295895,-0.0028181241108859952,-0.0017831913151103238,-0.007806608918061573,-0.038033147769268236,-0.011523238854809376,-0.001865143718372405,-0.0020732952799364917,-0.011612585469113005,-0.008620645959692705,-0.014034439654892414,-0.006778806338108635,-0.003202888336477406,-0.007056778843720392,-0.03334167483225778,-0.013537389711127185,-0.003607780007455897,-0.009400397585921262,-0.0011183032481821066,-0.02084241055882574,-0.001461265976160457,-0.006471194486834724,1.0,-0.018721781459334688,-0.004600292893364654,-0.001989180292860368,-0.034697527954059185,-0.0007732081458164277,-0.00532080517168594,-0.004643739052279413,-0.03029523615486806,-0.0066647845130772135,-0.0329350588769469
pet_shop,-0.002954846249215069,-0.005910348218534781,-0.005153016986664584,-0.005198951144805069,-0.0017298424149533745,-0.002235483527988068,-0.003833458205735655,-0.006204420167153501,-0.02061362483699936,-0.01911718427453386,-0.0053656106269520075,-0.03278139342541488,-0.022511272045540553,-0.02769805201911683,-0.006126713555545901,-0.0017483184169640967,-0.006157410696078127,-0.0013026523582703954,-0.0029573460824944713,-0.004761315968920382,-0.01103255835240424,-0.007252566421146363,-0.0037698023310869856,-0.005211990947830214,-0.003988265644829605,-0.004428938985388938,-0.02126378797540528,-0.0025697700063926536,-0.009929203551530865,-0.004321625994113129,-0.016890011542497745,-0.009174065662840587,-0.030453825926833548,-0.012494093072292614,-0.005510839763691996,-0.0018275012393306205,-0.0020676475594171625,-0.001116542024804983,-0.00362889890920031,-0.002519641599212419,-0.016511207218537324,-0.0020346744324434792,-0.0012874570580461854,-0.005636340680776954,-0.02667145407825462,-0.008319732756357872,-0.0013466263682091013,-0.0026095329774766963,-0.00838424065757027,-0.006224072196671105,-0.010975909758892418,-0.00582128795669477,-0.0023124726774908563,-0.005094966340645774,-0.024681973865348407,-0.009773941687257561,0.00029617687411183716,-0.006787049778607667,-0.00238083443807816,-0.017322904614260084,0.003840760596630841,-0.004672176757180705,-0.018721781459334688,1.0,-0.0033213932259846183,-0.0014361802831072154,-0.0273087682026884,-0.0005582532150278967,-0.0038416002336529465,0.0020121583796582254,-0.02228186971560632,-0.004811947988422813,-0.024274767422556295
portateis_casa_forno_e_cafe,-0.0006692762277601393,-0.001625509743406672,-0.0011671645424308884,-0.0011775686844717119,-0.00039181138660159627,-0.0005063397065851391,-0.0008682828921783697,-0.001600792039641643,-0.005043103820239701,-0.004393861922743149,-0.0012153172575358842,-0.007712040264936634,-0.0037403784130768305,-0.007048226560275653,-0.0013877079858594747,-0.00039599622326885113,-0.0016338307570426354,-0.00029505232519548346,-0.0006698424430032162,-0.0012742392571523395,-0.002710069938037014,-0.0020410993011813166,-0.0008538647600434381,-0.0011805222155333735,-0.0011144251851180462,-0.001003160004656222,-0.004931057828848335,-0.0005820559958226179,-0.0022489765412993966,-0.0009788534831206672,-0.004022435839356421,-0.0020779369016851266,-0.007081513456678654,-0.003420211217009981,-0.0012482118316017533,-0.0004139312277283824,-0.0004683246579316133,-0.0002528981109239251,-0.0008219499655921586,-0.0008420565623581816,-0.004070149515953827,-0.0004608562050318164,-0.0002916105714269252,-0.0012766379401985756,-0.0062196736043854855,-0.001884429471288654,-0.00030501249131210587,-0.0005910623565761593,-0.0018990405884646087,-0.001409759835118781,-0.002589374209855375,-0.001318528720537388,-0.0005237778415038064,-0.0011540160013192064,-0.005937085478648234,-0.0022138095423857875,-0.0005899909788937964,-0.0015372749342384394,-0.0005392618624612607,-0.003923658720706844,-0.00023896516470444515,-0.0010582536523872118,-0.004600292893364654,-0.0033213932259846183,1.0,-0.0003252965606981468,-0.0062321059448338795,-0.0001264450243352208,-0.0008701270712899813,-0.0007594044380532259,-0.005096970157583194,-0.0010899120042963464,-0.005714591828555706
portateis_cozinha_e_preparadores_de_alimentos,-0.00028939702614601926,-0.0007028752347705645,-0.0005046854102871701,-0.0005091841921672501,-0.0001694204057898881,-0.00021894279107415707,-0.00037544809815049415,-0.0006921872263428669,-0.0021806530511435528,-0.0018999189288309837,-0.0005255067871331257,-0.0033347090866505625,-0.0022536991761632225,-0.003047674071696144,-0.0006000490494199091,-0.00017122994157822016,-0.0007064732657492503,-0.0001275815006231502,-0.00028964185929667596,-0.0005509848345466057,-0.0011718422800409327,-0.0008825773923084749,-0.0003692136550470962,-0.0005104613077593246,-0.0004818807557452485,-0.00043376936166956677,-0.00213220403210581,-0.00025168273913636483,-0.00097246412755819,-0.00042325914965758184,-0.0017393131886197593,-0.0008985060800370337,-0.0030620674244390893,-0.00147890947554868,-0.0005397304985338341,-0.00017898509070681486,-0.0002025049712729862,-0.00010935389333081063,-0.00035541360325806075,-0.0003641077553415368,-0.001759944723912763,-0.00019927559008557454,-0.00012609327608440908,-0.000552022032210965,-0.0026894053158468384,0.006305157256096389,-0.00013188830599664798,-0.00025557711624160987,-0.0008211507835434529,-0.0006095843344516486,-0.001119653089157511,-0.0005701357298893612,-0.0002264830923394228,-0.000498999942108187,-0.002567213372041728,-0.0009572578129127233,-0.00025511384935374116,-0.0006647222415568307,-0.0002331784289314119,-0.0016966016695148477,-0.00010332924605644886,-0.0004575920183717919,-0.001989180292860368,-0.0014361802831072154,-0.0003252965606981468,1.0,-0.0026947810967346054,-5.4675203594245196e-05,-0.00037624552666871313,-0.0003283687316224977,-0.0022039450151936464,-0.0004712811836449299,-0.0024710064577626143
relogios_presentes,-0.0055443344472843135,-0.012300286497478805,-0.009161136589125932,-0.00975506726603709,-0.0032457949012227863,-0.0041945560903052645,-0.006488651888501641,-0.006905703090743082,-0.040184784967310275,-0.03570771487979089,-0.010067779275360749,-0.06242912325424306,-0.03857639043054062,-0.05711391844981689,-0.011128583435383659,-0.003280462401917033,-0.013534776481782885,-0.00244423558238039,-0.005549025016807775,-0.010555893537643479,-0.022164349083128643,-0.014749968616318292,-0.0070734796875642865,-0.00977953453878202,-0.009231981783440287,-0.008310252686797394,-0.03696200068691234,-0.00482179550689839,-0.017913065315195414,-0.008108895640105009,-0.031544635182056024,-0.016841116162622953,-0.05498117356169835,-0.024335207378418655,-0.008622103714661622,-0.0016943717080474454,-0.003879636577221164,-0.002095026910997922,-0.006809095137635743,-0.0032998111380107085,-0.03271057194698719,-0.003817767353479587,-0.002415723836128792,-0.010575764407830944,-0.05084698213153596,-0.01495083048764588,-0.002526746345217242,-0.0048964048745994285,-0.015309228528716542,-0.011678556165673492,-0.020890742964845135,-0.01042349217826875,-0.004339014907331323,-0.009073094731160634,-0.046366267191941424,-0.018026289986941533,-0.00488752950155604,-0.012734900806755541,-0.004467285697800304,-0.030618948189446268,-0.001979605339944399,-0.008766652595044165,-0.034697527954059185,-0.0273087682026884,-0.0062321059448338795,-0.0026947810967346054,1.0,-0.0010474800613428095,-0.007208197893137553,-0.0062909632983826624,-0.040730614839605675,-0.009028912755727894,-0.04567952526361658
seguros_e_servicos,-0.00011249062681461779,-0.00027321246795369353,-0.00019617471161832893,-0.00019792341926861732,-6.585488419247036e-05,-8.510457806863188e-05,-0.00014593927401311874,-0.00026905796511224133,-0.0008476349320347783,-0.000738511635891231,-0.00020426812489121626,-0.0012962244995995684,-0.0008760284663404717,-0.0011846520028812387,-0.00023324321810654476,-6.655826327616023e-05,-0.00027461104749502583,-4.959181221097479e-05,-0.00011258579515462953,-0.00021417161823985905,-0.00045550320390356494,-0.00034306394020475265,-0.00014351590283380529,-0.0001984198429374416,-0.0001873103845798829,-0.00016860915275116332,-0.000828802463046793,-9.783082245490758e-05,-0.0003780035362511118,-0.0001645237606069257,-0.0006760830732104637,-0.0003492555313581976,-0.0011902467987006152,-0.0005748623478342446,-0.0002097969799468597,-6.957274341140609e-05,-7.87150837551467e-05,-4.250661511357478e-05,-0.00013815172720112092,-0.000141531204283236,-0.0006841026937579346,-7.745980093889632e-05,-4.901332903361359e-05,-0.0002145747841498551,-0.0010453904581090162,-0.00031673118455534746,-5.12658972645947e-05,-9.934459378647714e-05,-0.0003191869922792874,-0.0002369496493866517,-0.0004352169042355748,-0.00022161570379200673,-8.803554535256319e-05,-0.00019396473079127594,-0.0009978936039312836,-0.0003720927365141941,-9.916451874115892e-05,-0.00025838213545641907,-9.063806902047236e-05,-0.0006594808101523327,-4.016479302488415e-05,-0.00017786918427432615,-0.0007732081458164277,-0.0005582532150278967,-0.0001264450243352208,-5.4675203594245196e-05,-0.0010474800613428095,1.0,-0.00014624923999669777,-0.0001276391984342596,-0.0008566886796514489,-0.00018319025755090176,-0.0009604973105578457
sinalizacao_e_seguranca,-0.0007741003663242822,-0.001880102169542108,-0.0013499695079268105,-0.0013620031792735937,-0.00045317811288976686,-0.0005856442169832442,-0.0010042760776933907,-0.0018515131016123318,-0.005209314218459574,-0.004337546977776664,-0.001405664052056982,-0.006826540894304584,-0.006028359658998194,-0.008152141874970749,-0.001605055156075171,-0.00045801839178024744,-0.0018897264463902134,-0.00034126434429478407,-0.0007747552639717709,-0.0014738145997618246,-0.0031345295780484997,-0.0011985154782460452,-0.0009875997325545446,-0.0013654193016188363,-0.001288969947323539,-0.0011602780658818764,-0.0057033755471226615,-0.0006732194285391667,-0.0026012182896454467,-0.001132164580829953,-0.004652442336376532,-0.0024033898860809774,-0.006047070128124466,-0.003955895407871448,-0.0014437106773191781,-0.00047876243279992007,-0.000541675132369231,-0.00029250780498227047,-0.0009506863430582774,-0.0009739420979715971,-0.004707629078413513,-0.000533036946989559,-0.00033728353227348686,-0.0014765889720579964,0.0003076039075618145,-0.0021795747159865657,-0.0003527845028178783,-0.0006836363937164668,-0.002196474272087806,-0.0016305608350186613,-0.0029949301069722377,-0.0015250408175902697,-0.0006058135671986581,-0.0013347616011328573,-0.006866970397710426,-0.002560543325240056,-0.0006823972135065605,-0.001778047748263353,-0.0006237227440051544,-0.004538194436093338,-0.0002763926370962426,-0.0012240006532407872,-0.00532080517168594,-0.0038416002336529465,-0.0008701270712899813,-0.00037624552666871313,-0.007208197893137553,-0.00014624923999669777,1.0,-0.0008783447391410311,-0.005895273584322192,-0.0012606174353609588,-0.006609629095423521
tablets_impressao_imagem,-0.0006755970168975108,-0.001640861408239013,-0.0011781874962656902,-0.0011886898972693378,-0.0003955117378969395,-0.000511121688051774,-0.0008764831432038715,-0.001615910265145067,-0.0025757054292134558,-0.0029341906710954745,-0.0012267949760043624,-0.006096471905815384,-0.005261258073992918,-0.006463850301618673,-0.0014008137995714463,-0.00039973609706483635,-0.0016492610073236018,-0.00029783886303247234,-0.0006761685795995419,-0.0012862734477016987,-0.0027356644234159655,-0.0020603758834893456,-0.0008619288431173732,-0.0011916713221157829,-0.0011249500570802405,-0.0010126340642410045,0.00042423396367495775,-0.0005875530582658034,-0.0022702163611268726,-0.0009880979866702696,-0.0040604245915406125,-0.002097561386242484,-0.007148392798087389,-0.00345251242988934,-0.0012600002135270065,-0.0004178404835771931,-0.0004727476170743874,-0.00025528653526366257,-0.000829712638459489,-0.0008500091262647406,-0.004108588886397374,-0.00046520863049358404,-0.0002943646045985284,-0.0012886947844282966,-0.005438105805133735,-0.001902226429910902,-0.0003078930951074918,-0.0005966444770340457,-0.0019169755376307635,-0.001423073911254345,-0.002613828818728897,-0.0013309811903374107,-0.0005287245124800776,-0.0011649147774940418,-0.005251756277567085,-0.0022347172374859014,-0.0005955629810296241,-0.0015517932904902333,-0.0005443547678732029,-0.00396071460046455,-0.00024122200329309087,-0.001068248028271409,-0.004643739052279413,0.0020121583796582254,-0.0007594044380532259,-0.0003283687316224977,-0.0062909632983826624,-0.0001276391984342596,-0.0008783447391410311,1.0,-0.005145107043773611,-0.0011002053684884537,-0.005768561667101021
telefonia,-0.004534471568939575,-0.01101313241197845,-0.00790775798453122,-0.007978247991984743,-0.0026545953961007638,-0.003430546175858467,-0.005882778926058724,-0.01027672707952962,-0.03214597591904224,-0.02772681085326165,-0.006107889371974086,-0.05089309674084088,-0.03465356458874503,-0.04662587070234295,-0.009401981045896997,-0.0026829484469058453,-0.009677340895627117,-0.001999034665292094,-0.0020597809510532828,-0.008063362721554113,-0.018361230496701342,-0.013538963251986866,-0.005785093385274163,-0.007998258717110985,-0.006936113311482325,-0.006796596579314205,-0.03190552297364139,-0.00394353819113142,-0.015237236529173283,-0.006631915351636992,-0.0262980025933729,-0.012076714772854701,-0.04658861563286529,-0.021454597440816573,-0.008456868521020686,-0.002804461455193492,-0.0031729871140520264,-0.001713431982577566,-0.0055688646861729784,-0.0057050906383314705,-0.026854950836341783,-0.003122386949376466,-0.0019757161400501865,-0.008649460721223615,-0.03891746087919458,-0.012412900312274563,-0.0020665166528548323,-0.004004557969038702,-0.012866355025747662,-0.009551386447375772,-0.016641403715428545,-0.008933278589792731,-0.00354869280011349,-0.007818674160287963,-0.039949759255209036,-0.014830813681265058,-0.0039972991849391275,-0.010022108839686671,-0.003653599936946153,-0.02617854348665466,-0.0016190336670789708,-0.00716986634283395,-0.03029523615486806,-0.02228186971560632,-0.005096970157583194,-0.0022039450151936464,-0.040730614839605675,-0.0008566886796514489,-0.005895273584322192,-0.005145107043773611,1.0,-0.00684118734943815,-0.03819275785481673
telefonia_fixa,-0.0009696299651224977,-0.0008002420599813881,-0.0016909575861628744,-0.0017060308361390877,-0.0005676461308009545,-0.0007335717774996864,-0.001257945636702202,-0.0023191858087664957,-0.007306317449363732,-0.006365712700062225,-0.0017607199854999165,-0.011173003048591468,-0.007551059811088751,-0.009911363853716734,-0.0020104751821715416,-0.000573709013155667,-0.0023670514419273626,-0.0004274641230662943,-0.0009704502830175973,-0.0018460846437132895,-0.003926278732912282,-0.0029570914999319524,-0.0012370570224361321,-0.0017103098350061147,-0.0016145501790703221,-0.001453352083910719,-0.004655063575602766,-0.000843267565049537,-0.0032582586305201244,-0.0014181374286589337,-0.005827600265551908,-0.0030104608559766736,-0.009064630625017934,-0.004955112919757758,-0.0018083767875515324,-0.0005996927804362866,-0.0006784965652462699,-0.000366392195484629,-0.0011908196995683302,-0.0012199496132158276,-0.005896726597335593,-0.0006676764652272099,-0.0004224777998590086,-0.0018495597932285204,-0.007462203518523987,-0.0027301123314009343,-0.00044189415228846344,-0.0008563157459068855,-0.0027512805373673824,-0.0020424233269603453,-0.0037514179058680376,-0.0019102500645904364,-0.0007588356931321952,-0.0016719083223003175,-0.008601494789164929,-0.003207309598542541,-0.0008547635618284697,-0.0022271638809850504,-0.0007812685393595139,-0.005684494549050482,-0.00034620650593450636,-0.0015331703256352789,-0.0066647845130772135,-0.004811947988422813,-0.0010899120042963464,-0.0004712811836449299,-0.009028912755727894,-0.00018319025755090176,-0.0012606174353609588,-0.0011002053684884537,-0.00684118734943815,1.0,-0.006715570685478428
utilidades_domesticas,-0.0032770035220478604,-0.012347640763534543,-0.006903326354913504,-0.008422393179261117,-0.0029762640725116253,-0.0038462401265734773,-0.006595620405985499,-0.012159880999049685,-0.03763664762999131,-0.02990233008403613,-0.00708965607674762,-0.05707905170571137,-0.038168839375888004,0.0059665231849909085,-0.009973358145097967,-0.0030080527837334143,-0.010156616641779049,-0.0022412662444730082,-0.004196391623432096,-0.009679332072864531,-0.018816857558943408,-0.013001284016155485,-0.0064860978904759115,-0.00896744193007969,-0.008465357958934383,-0.007620169252188608,-0.03553380801441716,-0.002827810572025612,-0.016528809742535563,-0.007080538765719098,-0.02973057682180081,-0.013479502612026503,-0.050560630160868224,-0.02072601029597936,-0.009038855667548312,-0.0031442900428804536,-0.003557471531807366,-0.0019210558633261214,-0.005692713436246867,-0.006396400868557825,-0.027285060894586814,-0.0035007399287886654,-0.002215122113806893,-0.007866095880558657,-0.04552532675670271,-0.014059347657321898,-0.002316925313052613,-0.00448980738347054,-0.013772063988051544,-0.010708768789306345,-0.017288935863314682,-0.008857755543095085,-0.003978703082538481,-0.008013323684010313,-0.021473395413871853,-0.016453411975557115,-0.0035641741836155,-0.008564613441720232,-0.004096322265772096,-0.02266437158588601,-0.0018152189002481548,-0.008038669709226358,-0.0329350588769469,-0.024274767422556295,-0.005714591828555706,-0.0024710064577626143,-0.04567952526361658,-0.0009604973105578457,-0.006609629095423521,-0.005768561667101021,-0.03819275785481673,-0.006715570685478428,1.0
